Date,Mkt_Adj_Close,Mkt_Log_Returns
2004-06-21,30.473163604736328,
2004-06-22,30.919939041137695,0.014554837736391022
2004-06-23,31.29084014892578,0.011924155502826052
2004-06-24,31.231822967529297,-0.0018878658068305144
2004-06-25,31.46786117553711,0.007529202939214467
2004-06-28,31.20654296875,-0.008338961483711077
2004-06-29,31.501585006713867,0.009410078873037039
2004-06-30,31.813467025756836,0.009851829275816588
2004-07-01,31.223390579223633,-0.018722179530700586
2004-07-02,31.037948608398438,-0.005956907500158305
2004-07-06,30.372005462646484,-0.021689293275161264
2004-07-07,30.431020736694336,0.0019411958998998263
2004-07-08,30.093830108642578,-0.01114233614456088
2004-07-09,30.13597297668457,0.0013994027129642648
2004-07-12,30.009536743164062,-0.004204351093072043
2004-07-13,29.967384338378906,-0.0014056210610790163
2004-07-14,29.663902282714844,-0.01017870628225649
2004-07-15,29.56276512145996,-0.0034152608611272956
2004-07-16,29.225574493408203,-0.01147146961314344
2004-07-19,29.166568756103516,-0.0020210170103426143
2004-07-20,29.86621856689453,0.023704880103408203
2004-07-21,28.99797248840332,-0.029502114510265007
2004-07-22,29.39415740966797,0.013570013684009407
2004-07-23,28.837814331054688,-0.01910840351299697
2004-07-26,28.711368560791016,-0.004394362087745601
2004-07-27,29.107572555541992,0.013705204168438569
2004-07-28,28.981101989746094,-0.004354403560352468
2004-07-29,29.31830596923828,0.011568135997441543
2004-07-30,29.411020278930664,0.0031573454911331786
2004-08-02,29.470041275024414,0.002004753797007128
2004-08-03,28.85466766357422,-0.02110242669377705
2004-08-04,28.863109588623047,0.0002925242623996673
2004-08-05,28.3236141204834,-0.01886841696309337
2004-08-06,27.5817928314209,-0.026540002914320966
2004-08-09,27.649232864379883,0.0024421080588839256
2004-08-10,27.99484634399414,0.012422451014773518
2004-08-11,27.750389099121094,-0.008770572407083357
2004-08-12,27.37105369567871,-0.013763841174560257
2004-08-13,27.413204193115234,0.001538781663858635
2004-08-16,27.72510528564453,0.01131352855428074
2004-08-17,28.0369930267334,0.011186486984008114
2004-08-18,28.534353256225586,0.017583921090249158
2004-08-19,28.382610321044922,-0.005332093813974293
2004-08-20,28.669200897216797,0.010046762081378427
2004-08-23,28.736652374267578,0.0023499871266848063
2004-08-24,28.728239059448242,-0.0002928158278747583
2004-08-25,29.12441635131836,0.013696293877217349
2004-08-26,28.99797248840332,-0.004350958895985452
2004-08-27,29.132854461669922,0.004640643266461891
2004-08-30,28.643938064575195,-0.016924721721239107
2004-08-31,28.677656173706055,0.0011764541258095624
2004-09-01,28.88838768005371,0.0073214149717945555
2004-09-02,29.31830596923828,0.01477239404596745
2004-09-03,28.7788143157959,-0.018572595627897395
2004-09-07,29.023271560668945,0.008458473380492042
2004-09-08,28.91367530822754,-0.0037832985370625195
2004-09-09,29.15813636779785,0.008419317275042536
2004-09-10,29.60491180419922,0.015206292365918255
2004-09-13,29.992664337158203,0.01301254277236552
2004-09-14,30.03481674194336,0.0014044371329928042
2004-09-15,29.714494705200195,-0.010722302830665756
2004-09-16,29.77350616455078,0.001983979217469402
2004-09-17,29.86621856689453,0.0031090846728151485
2004-09-20,29.86621856689453,0.0
2004-09-21,29.98424530029297,0.003944059202561743
2004-09-22,29.461599349975586,-0.017584388635872944
2004-09-23,29.436307907104492,-0.0008588231943533689
2004-09-24,29.335166931152344,-0.003441842358927579
2004-09-27,29.0822696685791,-0.008658334127573941
2004-09-28,29.141279220581055,0.0020270001857432165
2004-09-29,29.571184158325195,0.014644680067274023
2004-09-30,29.621776580810547,0.0017094071380505192
2004-10-01,30.431020736694336,0.026952720972307647
2004-10-04,30.608034133911133,0.005800020784164393
2004-10-05,30.65018653869629,0.0013762205619204757
2004-10-06,30.89463996887207,0.00794395661163544
2004-10-07,30.549030303955078,-0.011249761230795437
2004-10-08,29.992664337158203,-0.01838011416874598
2004-10-11,30.13597297668457,0.0047667440102246985
2004-10-12,30.08539581298828,-0.0016797086019268914
2004-10-13,30.017963409423828,-0.0022438822964444367
2004-10-14,29.88308334350586,-0.00450343695769296
2004-10-15,30.03481674194336,0.005064720978832612
2004-10-18,30.464744567871094,0.01421283241989471
2004-10-19,30.24555015563965,-0.00722102785657193
2004-10-20,30.38886833190918,0.004727296698561689
2004-10-21,30.852479934692383,0.015140765920631469
2004-10-22,30.17812156677246,-0.022099923574832453
2004-10-25,30.03481674194336,-0.004759943607683471
2004-10-26,30.19498634338379,0.0053186286790265
2004-10-27,30.962087631225586,0.02508758091832994
2004-10-28,31.155967712402344,0.006242330339412107
2004-10-29,31.105377197265625,-0.0016251022635012742
2004-11-01,31.223390579223633,0.003786807510980639
2004-11-02,31.324539184570312,0.003234277901800237
2004-11-03,31.535310745239258,0.006706104160360781
2004-11-04,31.71232032775879,0.005597365202970115
2004-11-05,31.99892234802246,0.008996966358959342
2004-11-08,32.032649993896484,0.0010534693358196675
2004-11-09,31.965206146240234,-0.0021076916225467057
2004-11-10,31.855636596679688,-0.0034336637532161396
2004-11-11,32.27709197998047,0.01314341241402316
2004-11-12,32.58900833129883,0.009617311784827885
2004-11-15,32.7323112487793,0.004387637858503217
2004-11-16,32.53001022338867,-0.00619964686485394
2004-11-17,32.96834182739258,0.013384707681948708
2004-11-18,33.12007522583008,0.004591838382909899
2004-11-19,32.605873107910156,-0.015647171995018253
2004-11-22,32.91776657104492,0.009520100540657729
2004-11-23,32.8671875,-0.0015377097005099024
2004-11-24,33.153778076171875,0.00868185958227186
2004-11-26,33.052635192871094,-0.0030553826129667513
2004-11-29,33.04421615600586,-0.0002547485012963203
2004-11-30,32.97675323486328,-0.002043682340495503
2004-12-01,33.6511344909668,0.020243904165807472
2004-12-02,33.777587890625,0.0037507324308479095
2004-12-03,33.828163146972656,0.0014961823515334833
2004-12-06,33.94617462158203,0.003482486078425752
2004-12-07,33.36454391479492,-0.01728239413295192
2004-12-08,33.55841064453125,0.005793745160060995
2004-12-09,33.76071548461914,0.006010340915826715
2004-12-10,33.65958023071289,-0.003000144947213813
2004-12-13,33.95460510253906,0.008726770653489296
2004-12-14,34.12320327758789,0.004953112438541878
2004-12-15,33.99677276611328,-0.0037119994454099326
2004-12-16,33.67643737792969,-0.009467196253228827
2004-12-17,33.59049606323242,-0.002555233517021673
2004-12-20,33.36069107055664,-0.006864878876878398
2004-12-21,33.769195556640625,0.012170720050995598
2004-12-22,33.81173324584961,0.0012588668306385885
2004-12-23,33.8372688293457,0.0007549434263796994
2004-12-27,33.692604064941406,-0.004284473804006373
2004-12-28,34.0159912109375,0.009552394455003117
2004-12-29,34.05854034423828,0.0012500751123703426
2004-12-30,34.033016204833984,-0.0007497006058714442
2004-12-31,33.973445892333984,-0.001751901978102936
2005-01-03,33.61602020263672,-0.010576471222420872
2005-01-04,33.00326156616211,-0.018396353164395966
2005-01-05,32.799007415771484,-0.006208138702916614
2005-01-06,32.63731002807617,-0.004942139873689503
2005-01-07,32.807518005371094,0.005201583262672908
2005-01-10,32.790489196777344,-0.0005191867772381701
2005-01-11,32.56071853637695,-0.007031900868275865
2005-01-12,32.83305358886719,0.008329130376223598
2005-01-13,32.39901351928711,-0.013307763938428877
2005-01-14,32.705421447753906,0.009412882271093272
2005-01-18,32.95221710205078,0.007517687874998758
2005-01-19,32.40753936767578,-0.016667453283427367
2005-01-20,31.78627586364746,-0.0193564722465672
2005-01-21,31.530963897705078,-0.00806457611350273
2005-01-24,31.088415145874023,-0.0141347974612979
2005-01-25,31.241607666015625,0.0049155389871630515
2005-01-26,31.61605453491211,0.011914261051309865
2005-01-27,31.573518753051758,-0.0013462913601643303
2005-01-28,31.42033576965332,-0.0048634358540368215
2005-01-31,31.828815460205078,0.012916706765770654
2005-02-01,31.93095588684082,0.0032039171989223752
2005-02-02,31.98200035095215,0.0015973122812328274
2005-02-03,31.61605453491211,-0.0115082090317246
2005-02-04,32.126686096191406,0.016021980843673598
2005-02-07,32.058597564697266,-0.002121625181074531
2005-02-08,32.1181755065918,0.0018566829137220417
2005-02-09,31.58201789855957,-0.016834180278047634
2005-02-10,31.61605453491211,0.0010771417017265673
2005-02-11,32.084136962890625,0.01469668590112375
2005-02-14,32.228797912597656,0.004498665593713506
2005-02-15,32.44157028198242,0.0065802358350226684
2005-02-16,32.32242965698242,-0.0036792279510224125
2005-02-17,31.888397216796875,-0.013519185841851425
2005-02-18,31.78627586364746,-0.003207600000658349
2005-02-22,31.394792556762695,-0.012392582995716836
2005-02-23,31.437360763549805,0.001354981838134725
2005-02-24,31.83733558654785,0.012642657289991604
2005-02-25,32.01606750488281,0.005598210164815947
2005-02-28,31.6756534576416,-0.010689530242595948
2005-03-01,32.024574279785156,0.010955198253262756
2005-03-02,32.00752639770508,-0.0005324792503294398
2005-03-03,31.743732452392578,-0.008275772294943633
2005-03-04,31.93095588684082,0.0058806404515448895
2005-03-07,32.39051055908203,0.014289552691000351
2005-03-08,32.06711959838867,-0.010034302326771003
2005-03-09,31.97350311279297,-0.0029236615234819172
2005-03-10,31.93095588684082,-0.0013315888407474082
2005-03-11,31.633071899414062,-0.009372790823281909
2005-03-14,31.777751922607422,0.004563267452897443
2005-03-15,31.522445678710938,-0.008066566549771706
2005-03-16,31.165021896362305,-0.011403480454070235
2005-03-17,31.241607666015625,0.0024544125724245696
2005-03-18,31.07139778137207,-0.005463074899055619
2005-03-21,31.130964279174805,0.0019152493261634282
2005-03-22,30.748029708862305,-0.012377042163625873
2005-03-23,30.858640670776367,0.003590880016328075
2005-03-24,30.867137908935547,0.00027532218818046973
2005-03-28,30.926742553710938,0.0019291445306400075
2005-03-29,30.679922103881836,-0.00801282691734379
2005-03-30,31.25862693786621,0.0186869625870937
2005-03-31,31.12244987487793,-0.004365980398569084
2005-04-01,30.807573318481445,-0.01016887297948739
2005-04-04,31.028858184814453,0.007157133927502926
2005-04-05,31.113954544067383,0.0027387370705035698
2005-04-06,31.06287956237793,-0.0016428946218156998
2005-04-07,31.437360763549805,0.011983495763540646
2005-04-08,31.182037353515625,-0.008154815684883979
2005-04-11,31.04587173461914,-0.004376359039471155
2005-04-12,31.199054718017578,0.004921952723678463
2005-04-13,30.688430786132812,-0.01650206064591708
2005-04-14,30.254405975341797,-0.014243910263073267
2005-04-15,29.565073013305664,-0.023048127092437178
2005-04-18,29.57357406616211,0.0002874956846265151
2005-04-19,29.77781867980957,0.006882582209167836
2005-04-20,29.531017303466797,-0.008322631757382612
2005-04-21,30.313982009887695,0.02616791355840931
2005-04-22,29.862924575805664,-0.014991328308283775
2005-04-25,30.109722137451172,0.00823038396087923
2005-04-26,29.828887939453125,-0.009370796309144683
2005-04-27,29.871442794799805,0.0014256156383256973
2005-04-28,29.57357406616211,-0.010021738991970938
2005-04-29,29.769306182861328,0.006596674299227216
2005-05-02,29.888456344604492,0.0039944615795980834
2005-05-03,30.041648864746094,0.005112383943449433
2005-05-04,30.40757942199707,0.012107186065852538
2005-05-05,30.433109283447266,0.0008392364876808711
2005-05-06,30.518217086791992,0.0027926499298791805
2005-05-09,30.66290283203125,0.004729760264509527
2005-05-10,30.44163703918457,-0.007242236351925603
2005-05-11,30.594829559326172,0.005019715273561097
2005-05-12,30.509714126586914,-0.0027858971740872852
2005-05-13,30.841625213623047,0.010820116685464093
2005-05-16,31.04587173461914,0.0066005985899133465
2005-05-17,31.23309326171875,0.006012370022307931
2005-05-18,31.65862464904785,0.013532398072751303
2005-05-19,31.922428131103516,0.0082982267302456
2005-05-20,32.05010223388672,0.003991534227802209
2005-05-23,32.21179962158203,0.0050324601135064454
2005-05-24,32.31390380859375,0.0031647627783802207
2005-05-25,32.177738189697266,-0.004222743196309113
2005-05-26,32.50115203857422,0.01000068316616711
2005-05-27,32.518165588378906,0.0005233383189474171
2005-05-31,32.40753936767578,-0.003407782105294457
2005-06-01,32.671363830566406,0.008107878135342821
2005-06-02,32.90114212036133,0.007008401676186965
2005-06-03,32.42454528808594,-0.014591665466935246
2005-06-06,32.433074951171875,0.000263027323655893
2005-06-07,32.16072082519531,-0.008432876151756535
2005-06-08,32.0926513671875,-0.0021187832218058683
2005-06-09,32.29690933227539,0.006344464786584824
2005-06-10,31.95648765563965,-0.010596322618217543
2005-06-13,32.10965347290039,0.004781499443493478
2005-06-14,31.98200035095215,-0.003983460657719206
2005-06-15,32.084136962890625,0.0031884768693991416
2005-06-16,32.25433349609375,0.005290673806499248
2005-06-17,32.25858688354492,0.00013186156919599705
2005-06-20,32.25858688354492,0.0
2005-06-21,32.24156951904297,-0.0005276689498421609
2005-06-22,32.207481384277344,-0.001057832115961004
2005-06-23,31.849720001220703,-0.011170175880903474
2005-06-24,31.491960525512695,-0.01129629896430051
2005-06-27,31.347150802612305,-0.004608912385230329
2005-06-28,31.64528465270996,0.009465773914825953
2005-06-29,31.5771427154541,-0.0021556263015796236
2005-06-30,31.330121994018555,-0.007853528275898929
2005-07-01,31.287517547607422,-0.0013607811887295248
2005-07-05,31.61121368408203,0.010292703455899773
2005-07-06,31.45789909362793,-0.0048618059045087555
2005-07-07,31.568635940551758,0.0035139790189137794
2005-07-08,32.17341995239258,0.01897655016915291
2005-07-11,32.4715576171875,0.009223911580156506
2005-07-12,32.62489700317383,0.004711152719267127
2005-07-13,32.70156478881836,0.0023472209803249325
2005-07-14,33.025238037109375,0.009849128540349616
2005-07-15,33.1274528503418,0.0030902717094421655
2005-07-18,32.991180419921875,-0.0041220641333566494
2005-07-19,33.37448501586914,0.011551420621441945
2005-07-20,33.61300277709961,0.007121293157285354
2005-07-21,33.62153625488281,0.00025384208628139685
2005-07-22,33.57892990112305,-0.0012680376165790815
2005-07-25,33.45113754272461,-0.0038129907398784134
2005-07-26,33.57892990112305,0.0038129907398783843
2005-07-27,33.834468841552734,0.0075812870776162805
2005-07-28,33.996315002441406,0.004772065391402758
2005-07-29,33.715240478515625,-0.008302161613923041
2005-08-01,33.77485656738281,0.0017666622803124935
2005-08-02,34.14113235473633,0.010786247665662758
2005-08-03,34.12411117553711,-0.0004986777654841372
2005-08-04,33.79188919067383,-0.009783398107954129
2005-08-05,33.63004684448242,-0.004800890231317967
2005-08-08,33.38301467895508,-0.0073726906037553325
2005-08-09,33.604488372802734,0.006612412486915356
2005-08-10,33.314849853515625,-0.008656401440665745
2005-08-11,33.58745193481445,0.008149303765695858
2005-08-12,33.40004348754883,-0.0055953408925015335
2005-08-15,33.604488372802734,0.00610243856747159
2005-08-16,33.05930709838867,-0.016356507309874955
2005-08-17,33.255245208740234,0.00590937203751984
2005-08-18,33.08488464355469,-0.005135984510442952
2005-08-19,33.067840576171875,-0.0005152945008188016
2005-08-22,33.08488464355469,0.00051529450081893
2005-08-23,32.991180419921875,-0.0028362550451067775
2005-08-24,32.795257568359375,-0.005956347137813782
2005-08-25,32.871917724609375,0.0023348100701155033
2005-08-26,32.76116943359375,-0.0033747733322033392
2005-08-29,33.0167121887207,0.00776990789144704
2005-08-30,32.8974723815918,-0.0036180357226220203
2005-08-31,33.204124450683594,0.009278271136040172
2005-09-01,33.15302276611328,-0.001540201675801349
2005-09-02,33.025238037109375,-0.0038618388052477273
2005-09-06,33.510772705078125,0.014594902255619338
2005-09-07,33.570411682128906,0.001778113887192558
2005-09-08,33.5618896484375,-0.0002538877282106247
2005-09-09,33.749298095703125,0.005568433355613308
2005-09-12,33.842987060546875,0.0027721810152459034
2005-09-13,33.757816314697266,-0.002519815938949935
2005-09-14,33.37448501586914,-0.011420298648983257
2005-09-15,33.357460021972656,-0.000510250203443309
2005-09-16,33.5618896484375,0.006109750420517298
2005-09-19,33.297828674316406,-0.00789899669733155
2005-09-20,33.16154479980469,-0.004101274460386983
2005-09-21,32.795257568359375,-0.011106996818611029
2005-09-22,32.914527893066406,0.0036302189956344383
2005-09-23,33.008209228515625,0.0028421574285813246
2005-09-26,33.0167121887207,0.0002575682051434545
2005-09-27,32.9400634765625,-0.0023242114518031627
2005-09-28,32.948577880859375,0.0002584483203435506
2005-09-29,33.39152908325195,0.013354147449799979
2005-09-30,33.61300277709961,0.00661073196884129
2005-10-03,33.69818878173828,0.00253111104244956
2005-10-04,33.47669982910156,-0.006594421214914106
2005-10-05,33.0167121887207,-0.013835806114717178
2005-10-06,32.58229446411133,-0.013244837000645803
2005-10-07,32.658966064453125,0.002350403257620894
2005-10-10,32.4800910949707,-0.005492109554657444
2005-10-11,32.318241119384766,-0.004995508576743356
2005-10-12,31.934898376464844,-0.011932406551740302
2005-10-13,32.181941986083984,0.00770608254403934
2005-10-14,32.42044448852539,0.007383739178820181
2005-10-17,32.522666931152344,0.003148063738050866
2005-10-18,32.29265594482422,-0.007097456023260534
2005-10-19,32.9400634765625,0.019849817536712982
2005-10-20,32.63340377807617,-0.009353232243062474
2005-10-21,32.83784103393555,0.006245120919670472
2005-10-24,33.357460021972656,0.015699895701648155
2005-10-25,33.229679107666016,-0.0038380105477232467
2005-10-26,33.05930709838867,-0.005140292352245463
2005-10-27,32.3949089050293,-0.0203018553709783
2005-10-28,32.64192199707031,0.007596135185588259
2005-10-31,33.11042785644531,0.014250860671815323
2005-11-01,33.08488464355469,-0.0007717529593481881
2005-11-02,33.519309997558594,0.01304516981474051
2005-11-03,34.021888732910156,0.014882413133106618
2005-11-04,34.14113235473633,0.003498781056547065
2005-11-07,34.18375015258789,0.001247504622464757
2005-11-08,34.1922492980957,0.000248600257981392
2005-11-09,34.209285736083984,0.0004981302928961169
2005-11-10,34.584083557128906,0.010896443458952132
2005-11-11,34.67776870727539,0.002705246949619041
2005-11-14,34.67776870727539,0.0
2005-11-15,34.51593780517578,-0.0046776276436285655
2005-11-16,34.72890090942383,0.006151036803906783
2005-11-17,35.18888473510742,0.013158038630465356
2005-11-18,35.308128356933594,0.003382944335307765
2005-11-21,35.3932991027832,0.0024093088388586863
2005-11-22,35.521080017089844,0.0036038122081399706
2005-11-23,35.606285095214844,0.002395846345424432
2005-11-25,35.68293380737305,0.002150359980758035
2005-11-28,35.38479232788086,-0.008390397294793319
2005-11-29,35.21442413330078,-0.004826357396835712
2005-11-30,35.12926483154297,-0.0024212362079395187
2005-12-01,35.7851448059082,0.018498318760755993
2005-12-02,35.87034606933594,0.0023780816386868935
2005-12-05,35.606285095214844,-0.0073887694806322604
2005-12-06,35.725528717041016,0.00334335344999224
2005-12-07,35.65740203857422,-0.0019087672201183673
2005-12-08,35.40182876586914,-0.007193277265361761
2005-12-09,35.53812789916992,0.003842666599343465
2005-12-12,35.66590118408203,0.0035889379774023144
2005-12-13,35.810707092285156,0.0040518460460582505
2005-12-14,35.69145584106445,-0.0033356015229913574
2005-12-15,35.751094818115234,0.0016695649960390836
2005-12-16,35.50429916381836,-0.006927100598926739
2005-12-19,34.94075012207031,-0.016000019016745276
2005-12-20,34.966365814208984,0.0007328493799821965
2005-12-21,35.12006378173828,0.004385962155631108
2005-12-22,35.3505859375,0.006542382649471122
2005-12-23,35.3505859375,0.0
2005-12-27,35.04322052001953,-0.008732795860807678
2005-12-28,35.000526428222656,-0.0012190694799876084
2005-12-29,34.76996994018555,-0.0066090206963258895
2005-12-30,34.50526428222656,-0.0076421811987465805
2006-01-03,35.273765563964844,0.022027602195865564
2006-01-04,35.64094924926758,0.010355734143463855
2006-01-05,35.79462814331055,0.004302593657993379
2006-01-06,36.44356155395508,0.017966974815893186
2006-01-09,36.5887451171875,0.003975877556119331
2006-01-10,36.61435317993164,0.0006996442605421559
2006-01-11,36.896114349365234,0.007665916399124886
2006-01-12,36.71681213378906,-0.004871496861609826
2006-01-13,36.699737548828125,-0.00046514267811833285
2006-01-17,36.460662841796875,-0.006535654719114743
2006-01-18,36.04225540161133,-0.011541937764833423
2006-01-19,36.30696105957031,0.0073174763198383275
2006-01-20,35.222530364990234,-0.030323542577116298
2006-01-23,35.23107147216797,0.0002424604845419217
2006-01-24,35.3847541809082,0.004352648997657723
2006-01-25,35.23107147216797,-0.0043526489976578
2006-01-26,35.47869110107422,0.007003860064665187
2006-01-27,35.956878662109375,0.013388139976166558
2006-01-30,36.02517318725586,0.0018975437316397458
2006-01-31,35.862953186035156,-0.004513131298608529
2006-02-01,35.991031646728516,0.003564968502086301
2006-02-02,35.3762321472168,-0.01722960012258493
2006-02-03,34.94075012207031,-0.012386413035170636
2006-02-06,34.84680938720703,-0.0026921930574240085
2006-02-07,34.69314193725586,-0.004419551557034319
2006-02-08,35.094425201416016,0.011500262963208116
2006-02-09,34.76142883300781,-0.009533886467089308
2006-02-10,34.97492218017578,0.006122890316190433
2006-02-13,34.57358169555664,-0.011541439924213722
2006-02-14,34.92366409301758,0.010074798062644608
2006-02-15,35.14569091796875,0.006337365828654897
2006-02-16,35.47016525268555,0.00918990821372732
2006-02-17,35.18836212158203,-0.007976521326305388
2006-02-21,34.79557418823242,-0.01122520619724398
2006-02-22,35.23107147216797,0.012438205326691333
2006-02-23,35.137149810791016,-0.002669435590028662
2006-02-24,35.23107147216797,0.0026694355900286405
2006-02-27,35.62385940551758,0.011087215868863005
2006-02-28,35.094425201416016,-0.01497332970191929
2006-03-01,35.57261657714844,0.013533852915738295
2006-03-02,35.598243713378906,0.0007201581443145352
2006-03-03,35.3932991027832,-0.005773791407059037
2006-03-06,35.0859260559082,-0.008722428345230225
2006-03-07,34.880977630615234,-0.005858455946231257
2006-03-08,34.8980712890625,0.0004899367089073517
2006-03-09,34.599212646484375,-0.008600637834758937
2006-03-10,34.63335418701172,0.0009862856414691783
2006-03-13,34.73582458496094,0.0029543516096055874
2006-03-14,35.32499313354492,0.016819171017213808
2006-03-15,35.62385940551758,0.008424887197949996
2006-03-16,35.32499313354492,-0.008424887197949878
2006-03-17,35.41814422607422,0.0026335033995445695
2006-03-20,35.50359344482422,0.0024096775658142555
2006-03-21,35.12761306762695,-0.010646396885196054
2006-03-22,35.21305465698242,0.002429366514168646
2006-03-23,35.110538482666016,-0.0029155577057194556
2006-03-24,35.28996276855469,0.005097255592880875
2006-03-27,35.29851531982422,0.0002423214536704233
2006-03-28,35.15325164794922,-0.004123782382893284
2006-03-29,35.81974411010742,0.01878213109225636
2006-03-30,35.930824279785156,0.0030962892953817814
2006-03-31,35.82828903198242,-0.0028577643410799694
2006-04-03,35.87101364135742,0.0011917721048568426
2006-04-04,36.067543029785156,0.0054638259771694715
2006-04-05,36.409324645996094,0.009431537557706017
2006-04-06,36.511863708496094,0.002812327456455827
2006-04-07,36.16154479980469,-0.009640985041123588
2006-04-10,36.110260009765625,-0.0014192200895572632
2006-04-11,35.81974411010742,-0.008077782919809205
2006-04-12,35.82828903198242,0.00023852495430182468
2006-04-13,35.97352600097656,0.004045501273398485
2006-04-17,35.59757995605469,-0.010505622278505196
2006-04-18,36.28116226196289,0.01902100383550118
2006-04-19,36.44350051879883,0.004464469693374409
2006-04-20,36.31533432006836,-0.0035230451828763506
2006-04-21,35.88811492919922,-0.011833904917184031
2006-04-24,35.85394287109375,-0.0009526367583405906
2006-04-25,35.77702331542969,-0.0021476629263784464
2006-04-26,35.76847457885742,-0.00023897343269822113
2006-04-27,36.110260009765625,0.009510128659216221
2006-04-28,35.75993347167969,-0.009748945863488234
2006-05-01,35.40958786010742,-0.009845462917833774
2006-05-02,35.50359344482422,0.002651288182345424
2006-05-03,35.45230484008789,-0.001445647646167846
2006-05-04,35.74284744262695,0.008161910077842166
2006-05-05,36.024818420410156,0.007857923907522615
2006-05-08,36.058998107910156,0.0009483318644247413
2006-05-09,35.922271728515625,-0.003798947813549513
2006-05-10,35.60612106323242,-0.008839922490085002
2006-05-11,34.81146240234375,-0.022570851131795668
2006-05-12,34.34149932861328,-0.013592196120925349
2006-05-15,34.31586456298828,-0.0007467448606589716
2006-05-16,34.059513092041016,-0.007498391405503303
2006-05-17,33.598106384277344,-0.01363967176734104
2006-05-18,33.36738967895508,-0.006890641651960731
2006-05-19,33.623722076416016,0.007652765919184985
2006-05-22,33.29903030395508,-0.009703555476386
2006-05-23,32.974342346191406,-0.009798522168950849
2006-05-24,33.196510314941406,0.0067150050100514835
2006-05-25,33.63228988647461,0.013041854619970232
2006-05-26,33.74336242675781,0.0032971151177572707
2006-05-30,33.01704788208008,-0.021759698579252338
2006-05-31,33.17084884643555,0.004647412858820447
2006-06-01,33.95698928833008,0.023423259450829088
2006-06-02,33.871524810791016,-0.002520017544320504
2006-06-05,33.136680603027344,-0.0219338411979062
2006-06-06,33.11104202270508,-0.0007740215236420424
2006-06-07,32.86323165893555,-0.00751236854564878
2006-06-08,32.81197738647461,-0.0015608411031040894
2006-06-09,32.598358154296875,-0.006531689216398367
2006-06-12,31.957504272460938,-0.01985489498726382
2006-06-13,31.829347610473633,-0.0040182837260475035
2006-06-14,32.15404510498047,0.010149517493599157
2006-06-15,33.02559280395508,0.026744537885350653
2006-06-16,32.78276443481445,-0.007379897673273685
2006-06-19,32.5177001953125,-0.008118340254107187
2006-06-20,32.5604362487793,0.0013133768710992602
2006-06-21,33.0734748840332,0.015633658751268167
2006-06-22,32.65452575683594,-0.012748137685326644
2006-06-23,32.620304107666016,-0.0010485405286030935
2006-06-26,32.705814361572266,0.002617951433461049
2006-06-27,32.090179443359375,-0.019002824335459842
2006-06-28,32.329566955566406,0.007432150155990169
2006-06-29,33.31290817260742,0.029962757547297953
2006-06-30,33.15043258666992,-0.004889188768872367
2006-07-03,33.34709548950195,0.005914910881496587
2006-07-05,32.620304107666016,-0.022035756913913712
2006-07-06,32.58612060546875,-0.0010484704683354756
2006-07-07,32.226966857910156,-0.011082867298686672
2006-07-10,31.944808959960938,-0.00879388836233369
2006-07-11,32.184207916259766,0.007466201106778197
2006-07-12,31.57712745666504,-0.019042851013314037
2006-07-13,31.04701042175293,-0.01693052281932357
2006-07-14,30.730634689331055,-0.01024249136485714
2006-07-17,30.807586669921875,0.002500950433754627
2006-07-18,30.910181045532227,0.0033246332104199133
2006-07-19,31.312061309814453,0.01291775537107971
2006-07-20,30.850341796875,-0.014855539075879066
2006-07-21,30.525415420532227,-0.010588200510847598
2006-07-24,31.13250160217285,0.019692711981788326
2006-07-25,31.312061309814453,0.005751027604938287
2006-07-26,31.286407470703125,-0.0008196315675853019
2006-07-27,31.081195831298828,-0.006580736443766987
2006-07-28,31.731050491333008,0.020692711573413326
2006-07-31,31.722490310668945,-0.00026980939464675297
2006-08-01,31.192354202270508,-0.016852895684173277
2006-08-02,31.542926788330078,0.011176366144175503
2006-08-03,31.73958969116211,0.006215414521595311
2006-08-04,31.594242095947266,-0.004589895993500004
2006-08-07,31.389015197753906,-0.006516894595228077
2006-08-08,31.192354202270508,-0.006284990077042675
2006-08-09,31.235118865966797,0.0013700593115109929
2006-08-10,31.457427978515625,0.007092072520159782
2006-08-11,31.235118865966797,-0.007092072520159825
2006-08-14,31.440326690673828,0.006548291955872921
2006-08-15,32.23553466796875,0.024978046759693538
2006-08-16,32.99653244018555,0.023333073183856558
2006-08-17,33.11622619628906,0.003620901300951625
2006-08-18,33.16752624511719,0.001547892422543759
2006-08-21,32.85116195678711,-0.009584156202053652
2006-08-22,32.859718322753906,0.00026042463527369756
2006-08-23,32.611751556396484,-0.007574839925580426
2006-08-24,32.705814361572266,0.0028801707129694717
2006-08-25,32.765655517578125,0.001828007612480398
2006-08-28,33.01362609863281,0.007539509389633518
2006-08-29,33.11622619628906,0.0031029913547331606
2006-08-30,33.2701416015625,0.004636966478594497
2006-08-31,33.235931396484375,-0.00102878448698852
2006-09-01,33.415523529052734,0.0053890066586722235
2006-09-05,33.740413665771484,0.009675769112433312
2006-09-06,33.06493377685547,-0.020223019131366645
2006-09-07,32.91102600097656,-0.004665579874278704
2006-09-08,33.107669830322266,0.005957234035632843
2006-09-11,33.31290817260742,0.006179982218281934
2006-09-12,33.92852020263672,0.018311009913976644
2006-09-13,34.159400939941406,0.006781867278415118
2006-09-14,34.193599700927734,0.0010006514277148106
2006-09-15,34.315940856933594,0.003571510918190944
2006-09-18,34.324493408203125,0.000249198636499246
2006-09-19,34.093502044677734,-0.006752382605199402
2006-09-20,34.58970642089844,0.014449325258081631
2006-09-21,34.3758430480957,-0.006202054793409154
2006-09-22,34.11061477661133,-0.007745461099189962
2006-09-25,34.709503173828125,0.017404896516782415
2006-09-26,34.88060760498047,0.004917502617508783
2006-09-27,34.83782958984375,-0.0012271652155823427
2006-09-28,34.93193435668945,0.0026975818345638908
2006-09-29,34.77792739868164,-0.004418519982402499
2006-10-02,34.341609954833984,-0.012625178237911892
2006-10-03,34.4870491027832,0.00422612808107319
2006-10-04,35.334041595458984,0.02426298516120115
2006-10-05,35.505149841308594,0.004830901515121425
2006-10-06,35.428157806396484,-0.002170829690613519
2006-10-09,35.54793167114258,0.0033750514947444685
2006-10-10,35.60780334472656,0.0016828351980348868
2006-10-11,35.53935623168945,-0.001924100260965468
2006-10-12,36.104034423828125,0.015763907333367456
2006-10-13,36.300819396972656,0.005435697948152777
2006-10-16,36.33502960205078,0.0009419648308410836
2006-10-17,35.93294143676758,-0.01112781523132967
2006-10-18,35.761810302734375,-0.004773890832676265
2006-10-19,35.84736251831055,0.002389421715394883
2006-10-20,35.93294143676758,0.002384469117281518
2006-10-23,36.300819396972656,0.010185850400488675
2006-10-24,36.05270004272461,-0.0068585558461346525
2006-10-25,36.300819396972656,0.00685855584613452
2006-10-26,36.63446807861328,0.00914923408465392
2006-10-27,36.11259078979492,-0.01434796814861728
2006-10-30,36.343589782714844,0.0063762614516088304
2006-10-31,36.42912673950195,0.0023507984933492454
2006-11-01,35.93294143676758,-0.013714176281483392
2006-11-02,35.967132568359375,0.0009510736850321094
2006-11-03,35.87303924560547,-0.002619519808564761
2006-11-06,36.39491653442383,0.01444309183086368
2006-11-07,36.64302062988281,0.006793867937546732
2006-11-08,36.81412887573242,0.0046587311507643525
2006-11-09,36.64302062988281,-0.004658731150764352
2006-11-10,36.81412887573242,0.0046587311507643525
2006-11-13,37.190574645996094,0.010173651113728926
2006-11-14,37.5841178894043,0.01052620515861714
2006-11-15,37.738121032714844,0.00408918694161596
2006-11-16,37.90067672729492,0.004298215985907242
2006-11-17,37.90067672729492,0.0
2006-11-20,37.97766876220703,0.002029355301261244
2006-11-21,38.02900314331055,0.0013507863881428428
2006-11-22,38.2685661315918,0.0062797223507790705
2006-11-24,38.20011901855469,-0.0017902002939569354
2006-11-27,37.33600616455078,-0.022880457519043444
2006-11-28,37.447242736816406,0.0029749083100156677
2006-11-29,37.70390319824219,0.006830540137036123
2006-11-30,37.6782341003418,-0.0006810392969055474
2006-12-01,37.353118896484375,-0.008666170223955584
2006-12-04,37.86643600463867,0.013648713489798917
2006-12-05,38.00334167480469,0.003608968497052054
2006-12-06,37.86643600463867,-0.0036089684970520243
2006-12-07,37.387351989746094,-0.012732661041916437
2006-12-08,37.5584602355957,0.004566193575629489
2006-12-11,37.695343017578125,0.0036379007313276277
2006-12-12,37.47291564941406,-0.005918136758941649
2006-12-13,37.54133605957031,0.001824198137581364
2006-12-14,37.96054458618164,0.01110469913823866
2006-12-15,38.0582389831543,0.002570271350546205
2006-12-18,37.681312561035156,-0.009953307782223452
2006-12-19,37.56138229370117,-0.0031878275792459887
2006-12-20,37.42433166503906,-0.0036553837799403817
2006-12-21,37.15879440307617,-0.007120602150148345
2006-12-22,36.773338317871094,-0.01042738964995375
2006-12-26,36.92751693725586,0.004183909230368875
2006-12-27,37.11597442626953,0.005090464874052201
2006-12-28,36.93610382080078,-0.004857958438665625
2006-12-29,36.9703483581543,0.0009266995991442765
2007-01-03,37.03887176513672,0.001851753780104383
2007-01-04,37.74128723144531,0.018786697830627287
2007-01-05,37.56138229370117,-0.004778191295588749
2007-01-08,37.587093353271484,0.0006842736423376353
2007-01-09,37.77553176879883,0.0050008557407965155
2007-01-10,38.220970153808594,0.011722736569069083
2007-01-11,38.61499786376953,0.010256424803173273
2007-01-12,38.81203079223633,0.005089523831739577
2007-01-16,38.78633499145508,-0.0006622768781519075
2007-01-17,38.469383239746094,-0.008205309257375778
2007-01-18,37.75840377807617,-0.018654616838770875
2007-01-19,37.83549499511719,0.0020396154985329075
2007-01-22,37.42433166503906,-0.010926610891291107
2007-01-23,37.33011245727539,-0.00252076672527065
2007-01-24,37.946861267089844,0.016386487922287814
2007-01-25,37.45859146118164,-0.01295069819570576
2007-01-26,37.321556091308594,-0.003665024147476388
2007-01-29,37.35581970214844,0.0009176437409631357
2007-01-30,37.37294387817383,0.0004583021451095467
2007-01-31,37.74983596801758,0.01003411356295995
2007-02-01,37.68989181518555,-0.001589193577692255
2007-02-02,37.826942443847656,0.0036296749055154164
2007-02-05,37.79267120361328,-0.0009064114699271921
2007-02-06,37.74128723144531,-0.0013605530852344604
2007-02-07,38.083927154541016,0.00903768642387645
2007-02-08,38.07535934448242,-0.00022499712086579703
2007-02-09,37.587093353271484,-0.012906606956261727
2007-02-12,37.44148635864258,-0.0038813790154803964
2007-02-13,37.56996154785156,0.003425485533779157
2007-02-14,38.20383071899414,0.016730955081481914
2007-02-15,38.42656707763672,0.005813280168537204
2007-02-16,38.29806137084961,-0.003349793398821117
2007-02-20,38.58932876586914,0.007576503450356391
2007-02-21,38.70922088623047,0.0031020560422394218
2007-02-22,38.906246185302734,0.005076970601614001
2007-02-23,38.76918029785156,-0.003529199282778763
2007-02-26,38.58073043823242,-0.00487266838934349
2007-02-27,36.99604034423828,-0.04194205118438099
2007-02-28,37.11597442626953,0.003236565274837554
2007-03-01,36.94465637207031,-0.004626435338865099
2007-03-02,36.38787078857422,-0.015185520111673727
2007-03-05,36.10519790649414,-0.0077986577151521715
2007-03-06,36.70480728149414,0.0164708937755619
2007-03-07,36.559173583984375,-0.003975593125166598
2007-03-08,36.80760955810547,0.006772463315129576
2007-03-09,36.773338317871094,-0.0009315249042550557
2007-03-12,37.0131721496582,0.006500772970090589
2007-03-13,36.29365158081055,-0.01963101493942445
2007-03-14,36.82472229003906,0.014526582581910929
2007-03-15,36.73906326293945,-0.0023288378967971798
2007-03-16,36.710777282714844,-0.0007702121995856519
2007-03-19,37.087921142578125,0.010220970049635009
2007-03-20,37.3536262512207,0.007138654321775202
2007-03-21,38.07360076904297,0.0190911535180949
2007-03-22,37.93648147583008,-0.003607927735504793
2007-03-23,37.81648635864258,-0.0031680664396423145
2007-03-26,37.970760345458984,0.004071244348274721
2007-03-27,37.705047607421875,-0.007022424660680855
2007-03-28,37.30221939086914,-0.010741148307354759
2007-03-29,37.34505081176758,0.0011475684370670176
2007-03-30,37.31077194213867,-0.0009183174405797594
2007-04-02,37.362213134765625,0.0013777727169030944
2007-04-03,37.85076904296875,0.012991448164507752
2007-04-04,38.00505065917969,0.004067765124797965
2007-04-05,38.1936149597168,0.004949291012377835
2007-04-09,38.09933853149414,-0.0024714333865729857
2007-04-10,38.29646682739258,0.005160721389944353
2007-04-11,37.89360809326172,-0.010575196021562185
2007-04-12,38.1936149597168,0.007885908018191036
2007-04-13,38.27077102661133,0.0020180922683254777
2007-04-16,38.62218475341797,0.009140399659911955
2007-04-17,38.70791244506836,0.0022171891637381663
2007-04-18,38.57932662963867,-0.003327481628594728
2007-04-19,38.69932174682617,0.003105520506559085
2007-04-20,38.91362380981445,0.005522341822453273
2007-04-23,38.97361373901367,0.0015404305750156338
2007-04-24,39.17074966430664,0.005045439873224246
2007-04-25,39.69357681274414,0.013259095242309988
2007-04-26,39.8992919921875,0.005169197708323222
2007-04-27,39.91646194458008,0.0004302396910524159
2007-04-30,39.39358901977539,-0.013185731042528303
2007-05-01,39.35930252075195,-0.0008707363125092651
2007-05-02,39.78788375854492,0.010830086247772755
2007-05-03,39.93358612060547,0.003655289459929154
2007-05-04,39.96786117553711,0.0008579333214566963
2007-05-07,39.96786117553711,0.0
2007-05-08,40.0535888671875,0.0021426186204144535
2007-05-09,40.1392936706543,0.0021374674007206673
2007-05-10,39.59074783325195,-0.01376029618020743
2007-05-11,40.09644317626953,0.012692181144623805
2007-05-14,39.82215881347656,-0.006864120064623946
2007-05-15,39.51359558105469,-0.0077787068557189825
2007-05-16,39.8992919921875,0.009713774569617957
2007-05-17,39.71073913574219,-0.004736920871471284
2007-05-18,40.03644561767578,0.008168521409136384
2007-05-21,40.293575286865234,0.006401854362078406
2007-05-22,40.32788848876953,0.0008512175882008332
2007-05-23,40.1392936706543,-0.004687505101635944
2007-05-24,39.56502914428711,-0.014410120889202802
2007-05-25,39.8135986328125,0.00626290244554416
2007-05-29,40.1221809387207,0.0077207938787927964
2007-05-30,40.447853088378906,0.008084244403791251
2007-05-31,40.636436462402344,0.004651547546336815
2007-06-01,40.66214370727539,0.0006324156135615942
2007-06-04,40.78215026855469,0.002946962697363191
2007-06-05,40.78215026855469,0.0
2007-06-06,40.345008850097656,-0.010776801603268903
2007-06-07,39.719303131103516,-0.015630396171989722
2007-06-08,40.2078742980957,0.012225560016541136
2007-06-11,40.13074493408203,-0.0019201073766916483
2007-06-12,39.89073181152344,-0.005998735640861035
2007-06-13,40.32788848876953,0.010899240181719531
2007-06-14,40.59358596801758,0.006566821374428738
2007-06-15,40.968441009521484,0.009191965789793616
2007-06-18,40.97703552246094,0.00020976174243389094
2007-06-19,40.968441009521484,-0.00020976174243398862
2007-06-20,40.58242416381836,-0.009466968324444802
2007-06-21,40.9512825012207,0.009048058010387107
2007-06-22,40.56527328491211,-0.00947076573225346
2007-06-25,40.39370346069336,-0.004238444900403143
2007-06-26,40.162113189697266,-0.005749824622630567
2007-06-27,40.77972412109375,0.015260906804825846
2007-06-28,40.76255798339844,-0.0004210364857560996
2007-06-29,40.8311882019043,0.0016822425222380178
2007-07-02,41.20002746582031,0.008992716895575844
2007-07-03,41.44021987915039,0.005812980899822376
2007-07-05,41.74043273925781,0.007218365189503209
2007-07-06,41.912010192871094,0.004102156212143458
2007-07-09,41.93773651123047,0.0006136290251993324
2007-07-10,41.58606719970703,-0.008420866244061345
2007-07-11,41.86913299560547,0.006783684677628272
2007-07-12,42.51250076293945,0.01524929551793415
2007-07-13,42.80413818359375,0.006836616166921955
2007-07-16,42.76121520996094,-0.0010032793772451571
2007-07-17,43.08718490600586,0.007594113860583901
2007-07-18,43.035743713378906,-0.0011945993841384476
2007-07-19,43.16440963745117,0.0029852851677351793
2007-07-20,42.93278121948242,-0.005380639588617578
2007-07-23,42.949947357177734,0.0003997576278352818
2007-07-24,42.3151741027832,-0.014889675193005164
2007-07-25,42.375221252441406,0.0014180394239139869
2007-07-26,42.014957427978516,-0.008538102861549025
2007-07-27,41.165733337402344,-0.020419488945012436
2007-07-30,41.646095275878906,0.011601418161731164
2007-07-31,40.7711296081543,-0.021233390044319296
2007-08-01,41.0885124206543,0.0077543559924208305
2007-08-02,41.46596908569336,0.009144489516376973
2007-08-03,40.676795959472656,-0.01921526278291288
2007-08-06,41.14857482910156,0.011531486945374519
2007-08-07,41.44021987915039,0.007062610935559163
2007-08-08,41.89487075805664,0.010911499257905513
2007-08-09,40.92554473876953,-0.02340896933027713
2007-08-10,40.556697845458984,-0.009053491926803579
2007-08-13,40.8311882019043,0.006745264203777251
2007-08-14,40.136375427246094,-0.01716316508963493
2007-08-15,39.372920989990234,-0.019204745518573433
2007-08-16,38.986934661865234,-0.009851714166014556
2007-08-17,39.72461700439453,0.018744489871516962
2007-08-20,39.91334533691406,0.004739666367074358
2007-08-21,40.33367156982422,0.010475905351993376
2007-08-22,40.88265609741211,0.013519273891296587
2007-08-23,40.7711296081543,-0.0027316935190790136
2007-08-24,41.34587860107422,0.013998522133438508
2007-08-27,41.071372985839844,-0.006661387634895874
2007-08-28,40.093482971191406,-0.02409755610977808
2007-08-29,41.24293518066406,0.028266028081903236
2007-08-30,41.4573860168457,0.005186226939603805
2007-08-31,41.920589447021484,0.011111044445470272
2007-09-04,42.61540985107422,0.01643882030866546
2007-09-05,42.18650817871094,-0.010115462940368459
2007-09-06,42.152183532714844,-0.0008139715519582826
2007-09-07,41.371585845947266,-0.01869217399247608
2007-09-10,41.34587860107422,-0.0006215675461660341
2007-09-11,41.9720573425293,0.015031350076029276
2007-09-12,41.98063278198242,0.00020429219052368132
2007-09-13,42.18650817871094,0.0048920708240472975
2007-09-14,42.220821380615234,0.0008130384878567704
2007-09-17,41.86913299560547,-0.008364624244664033
2007-09-18,42.924217224121094,0.024887297958641145
2007-09-19,43.035743713378906,0.0025948488254150513
2007-09-20,42.91563034057617,-0.0027949163655417134
2007-09-21,43.22118377685547,0.007094637085192694
2007-09-24,43.4185791015625,0.004556699134449867
2007-09-25,43.83052062988281,0.009442953351516221
2007-09-26,44.04508590698242,0.004883396245220134
2007-09-27,44.26823425292969,0.0050535710909898265
2007-09-28,44.1223258972168,-0.003301449566406219
2007-10-01,44.628692626953125,0.01141107409821361
2007-10-02,44.63727951049805,0.0001923887314684266
2007-10-03,44.328311920166016,-0.006945805170753559
2007-10-04,44.43130111694336,0.0023206329877436898
2007-10-05,45.33244705200195,0.0200788453855793
2007-10-08,45.615665435791016,0.006228151229126151
2007-10-09,45.81306457519531,0.0043181053943635314
2007-10-10,45.924652099609375,0.00243275249248929
2007-10-11,45.19511795043945,-0.01601298461066353
2007-10-12,45.94179916381836,0.01638628877496486
2007-10-15,45.58990478515625,-0.007689054113281243
2007-10-16,45.3753662109375,-0.0047169424034357865
2007-10-17,45.9589729309082,0.012779742392802976
2007-10-18,46.156368255615234,0.00428583609021446
2007-10-19,45.00632858276367,-0.025231826745279688
2007-10-22,45.54701232910156,0.011941915481508959
2007-10-23,46.499656677246094,0.02069989874486793
2007-10-24,46.147789001464844,-0.007595878440508649
2007-10-25,45.529850006103516,-0.013480895896274584
2007-10-26,46.28509521484375,0.016451836715385786
2007-10-29,46.473907470703125,0.004071033779218279
2007-10-30,46.56830978393555,0.0020292368004994387
2007-10-31,47.229164123535156,0.014091323513661401
2007-11-01,46.345176696777344,-0.0188943617929838
2007-11-02,46.70564270019531,0.007747762113603107
2007-11-05,46.40524673461914,-0.006452457056907693
2007-11-06,46.928775787353516,0.011218514520397056
2007-11-07,45.78731918334961,-0.024623864479572516
2007-11-08,44.396968841552734,-0.030835981284217606
2007-11-09,42.912193298339844,-0.03401518615540193
2007-11-12,41.82222366333008,-0.025728146784971987
2007-11-13,43.547306060791016,0.04041997801702015
2007-11-14,42.98945236206055,-0.012893051151447106
2007-11-15,42.75770950317383,-0.005405273319394505
2007-11-16,43.15252685546875,0.009191457238038584
2007-11-19,42.65474319458008,-0.011602495797898762
2007-11-20,42.826393127441406,0.004016094566798204
2007-11-21,42.32002258300781,-0.011894253211216685
2007-11-23,42.77489471435547,0.010691037217688819
2007-11-26,42.03680419921875,-0.01740583336991476
2007-11-27,42.87788009643555,0.019810552468277644
2007-11-28,44.18240737915039,0.02997060926438837
2007-11-29,44.37123489379883,0.004264709976851704
2007-11-30,44.0364990234375,-0.007572583418207774
2007-12-03,43.66746520996094,-0.008415491697088141
2007-12-04,43.48721694946289,-0.004136289939205654
2007-12-05,44.26823425292969,0.017800328409860493
2007-12-06,44.903324127197266,0.01424446593362772
2007-12-07,44.91192626953125,0.00019155193182193313
2007-12-10,45.092132568359375,0.004004409177983843
2007-12-11,44.04508590698242,-0.023493998134423554
2007-12-12,44.43987274169922,0.0089233121726909
2007-12-13,44.19955825805664,-0.005422306297105734
2007-12-14,43.744720458984375,-0.010343864573527472
2007-12-17,42.68048858642578,-0.02462905626358162
2007-12-18,42.81779861450195,0.003211997587856633
2007-12-19,42.80921173095703,-0.000200564834368591
2007-12-20,43.684627532958984,0.020242960725371666
2007-12-21,44.546329498291016,0.019533492397927198
2007-12-24,44.88140869140625,0.007493888764760071
2007-12-26,45.10478591918945,0.004964710144104467
2007-12-27,44.56352615356445,-0.012072633622284026
2007-12-28,44.52054977416992,-0.0009648499416082543
2007-12-31,44.00508117675781,-0.011645766715985769
2008-01-02,43.309181213378906,-0.015940458748556256
2008-01-03,43.48958969116211,0.00415694221689558
2008-01-04,41.58232116699219,-0.04484648701535516
2008-01-07,41.38471984863281,-0.004763378073213552
2008-01-08,40.3107795715332,-0.02629281057054215
2008-01-09,41.1699333190918,0.021089299782511388
2008-01-10,41.23007583618164,0.0014597699293082407
2008-01-11,40.4224739074707,-0.019782070925373985
2008-01-14,41.12696838378906,0.017278156239283703
2008-01-15,39.9929084777832,-0.027961921034587223
2008-01-16,39.56332778930664,-0.010799527071261491
2008-01-17,39.013492584228516,-0.013995073273697272
2008-01-18,38.961944580078125,-0.001322160247747247
2008-01-22,37.95675277709961,-0.026137962945511795
2008-01-23,37.81067657470703,-0.0038559149922761373
2008-01-24,38.58392333984375,0.020244184116089116
2008-01-25,37.79351806640625,-0.020698087730215965
2008-01-28,38.08561706542969,0.0076990978188879785
2008-01-29,38.15434646606445,0.0018029761838677793
2008-01-30,38.11997604370117,-0.000901231857817893
2008-01-31,38.772926330566406,0.016983777744106417
2008-02-01,39.16814422607422,0.010141541040025927
2008-02-04,38.61826705932617,-0.01413836471855511
2008-02-05,37.51858139038086,-0.028889090408613406
2008-02-06,36.77973175048828,-0.019889388201518074
2008-02-07,37.037479400634766,0.006983430926725571
2008-02-08,37.45842361450195,0.011301257572953399
2008-02-11,37.86225509643555,0.010723093800420688
2008-02-12,37.64744186401367,-0.005689701338389176
2008-02-13,38.47222137451172,0.021671451372371663
2008-02-14,37.77633285522461,-0.018253666538396843
2008-02-15,37.64744186401367,-0.0034177848339747327
2008-02-19,37.57872772216797,-0.001826868530845697
2008-02-20,37.75056076049805,0.004562191939676235
2008-02-21,37.38972091674805,-0.009604505321058325
2008-02-22,37.527164459228516,0.0036692314688160045
2008-02-25,37.716190338134766,0.005024397890594709
2008-02-26,37.86225509643555,0.0038652538912061934
2008-02-27,38.051265716552734,0.00497964021862341
2008-02-28,37.90518569946289,-0.003846419743690465
2008-02-29,36.90001678466797,-0.026875922656498043
2008-03-03,36.65943145751953,-0.006541272147872525
2008-03-04,36.86564636230469,0.005609390744404897
2008-03-05,37.04606628417969,0.004882048426825095
2008-03-06,36.22988510131836,-0.022277839405353442
2008-03-07,36.143951416015625,-0.002374717987096487
2008-03-10,35.44805145263672,-0.019441330154017514
2008-03-11,36.796905517578125,0.03734546705062535
2008-03-12,36.69381332397461,-0.002805585871281053
2008-03-13,36.977317810058594,0.0076965259309385164
2008-03-14,36.29861831665039,-0.01852501485840003
2008-03-17,35.63705825805664,-0.018393618906811786
2008-03-18,37.226470947265625,0.043634034089341814
2008-03-19,36.30717468261719,-0.025004721427171108
2008-03-20,37.04921340942383,0.020231749602288483
2008-03-24,38.33032989501953,0.033994365059017845
2008-03-25,38.545291900634766,0.00559247680481436
2008-03-26,38.433509826660156,-0.0029042320752151367
2008-03-27,37.58232116699219,-0.02239597269363745
2008-03-28,37.39314651489258,-0.005046318733261278
2008-03-31,37.59089279174805,0.005274368708554704
2008-04-01,39.198734283447266,0.041882649515434335
2008-04-02,39.112762451171875,-0.002195638454074764
2008-04-03,39.198734283447266,0.002195638454074679
2008-04-04,39.43090057373047,0.005905329851717408
2008-04-07,39.34489822387695,-0.002183472216964873
2008-04-08,39.043983459472656,-0.007677523547814753
2008-04-09,38.60548400878906,-0.011294452528532402
2008-04-10,39.1557502746582,0.01415295052980481
2008-04-11,38.0723762512207,-0.02805830328284633
2008-04-14,37.900428771972656,-0.00452656112387245
2008-04-15,37.952022552490234,0.001360372343236682
2008-04-16,39.009586334228516,0.027484621754402642
2008-04-17,38.9235954284668,-0.002206786344765358
2008-04-18,40.16172409057617,0.03131377198229835
2008-04-21,40.445465087890625,0.007040120667490123
2008-04-22,39.843597412109375,-0.01499280054310593
2008-04-23,40.2821044921875,0.010945587935589573
2008-04-24,40.64322280883789,0.008924788460413351
2008-04-25,40.54003143310547,-0.002542185140780487
2008-04-28,40.61741256713867,0.0019069392447141678
2008-04-29,40.92695617675781,0.007592065551873531
2008-04-30,40.59163284301758,-0.008226963422101297
2008-05-01,41.872745513916016,0.031073192463927733
2008-05-02,41.932945251464844,0.0014366505986218765
2008-05-05,41.81257247924805,-0.002874729498986765
2008-05-06,42.07051467895508,0.006150060076770662
2008-05-07,41.305267333984375,-0.01835710121085109
2008-05-08,41.614810943603516,0.007466106013124376
2008-05-09,41.451446533203125,-0.00393335696067823
2008-05-12,42.20808792114258,0.01808908033700066
2008-05-13,42.319854736328125,0.002644495460486497
2008-05-14,42.22526931762695,-0.0022375142084455086
2008-05-15,42.9647102355957,0.017360245716621963
2008-05-16,42.99910354614258,0.0008001811662134989
2008-05-19,42.68955612182617,-0.007224964704756813
2008-05-20,42.362831115722656,-0.007682949858703871
2008-05-21,41.425662994384766,-0.022370785271654568
2008-05-22,41.571815490722656,0.003521857532833803
2008-05-23,41.44284439086914,-0.0031071910383429456
2008-05-27,42.173683166503906,0.017481170490785
2008-05-28,42.345638275146484,0.004069018609313628
2008-05-29,42.72394943237305,0.008894216166845749
2008-05-30,42.99910354614258,0.006419628073680115
2008-06-02,42.474609375,-0.01227279678263897
2008-06-03,42.24248504638672,-0.005480001671389157
2008-06-04,42.78416442871094,0.012741574883089692
2008-06-05,43.46339797973633,0.015751114002920143
2008-06-06,42.156494140625,-0.03053041342593193
2008-06-09,41.932945251464844,-0.005316943897305973
2008-06-10,41.735164642333984,-0.004727750579640086
2008-06-11,40.72920227050781,-0.024398714569223604
2008-06-12,40.7722053527832,0.0010552722344341204
2008-06-13,41.58902359008789,0.01983566853716143
2008-06-16,41.958736419677734,0.008850392705371428
2008-06-17,41.735164642333984,-0.005342618907743206
2008-06-18,41.28807830810547,-0.010770252765480168
2008-06-19,41.932945251464844,0.015498003345120215
2008-06-20,40.800636291503906,-0.027374124152355395
2008-06-23,40.4822883605957,-0.007833122639966677
2008-06-24,40.275779724121094,-0.005114265149898013
2008-06-25,40.9296989440918,0.0161056462136145
2008-06-26,39.2777099609375,-0.04119875368899004
2008-06-27,39.2777099609375,0.0
2008-06-30,38.86471939086914,-0.010570298845717243
2008-07-01,39.415382385253906,0.014069273423282104
2008-07-02,38.46892547607422,-0.02430537108386418
2008-07-03,38.40010452270508,-0.0017906033615459629
2008-07-07,38.63241958618164,0.006031628081146292
2008-07-08,39.553043365478516,0.023550831459075022
2008-07-09,38.50333786010742,-0.026897705874801798
2008-07-10,38.95936965942383,0.011774364269709323
2008-07-11,38.33986282348633,-0.01602913975495791
2008-07-14,38.055912017822266,-0.007433712501721024
2008-07-15,38.06452178955078,0.00022621446921910625
2008-07-16,39.0109748840332,0.0245603521418557
2008-07-17,39.26911544799805,0.0065953296321908566
2008-07-18,38.36566925048828,-0.023275313681775493
2008-07-21,38.52914810180664,0.004252018621042701
2008-07-22,38.52914810180664,0.0
2008-07-23,39.03680419921875,0.013089850146644265
2008-07-24,38.45170593261719,-0.015101836017292165
2008-07-25,38.95075225830078,0.012895023039692205
2008-07-28,38.219390869140625,-0.01895508437010433
2008-07-29,39.0109748840332,0.020500012629602056
2008-07-30,39.20886993408203,0.005059981204032084
2008-07-31,39.114227294921875,-0.002416724786744729
2008-08-01,38.61519241333008,-0.01284048536847
2008-08-04,38.227996826171875,-0.010077636493484754
2008-08-05,39.51862335205078,0.03320388968342154
2008-08-06,40.12090301513672,0.015125432631589643
2008-08-07,39.81117248535156,-0.007749882085830876
2008-08-08,40.71459197998047,0.02243896489089525
2008-08-11,41.08457946777344,0.009046302167114792
2008-08-12,41.12760543823242,0.0010467055324321843
2008-08-13,41.04155349731445,-0.0020945078054007
2008-08-14,41.514774322509766,0.011464318257741243
2008-08-15,41.437347412109375,-0.0018667860753086637
2008-08-18,40.95550537109375,-0.01169634301772546
2008-08-19,40.447872161865234,-0.012472204594961657
2008-08-20,40.516693115234375,0.001700026911983105
2008-08-21,40.32741165161133,-0.00468263728158818
2008-08-22,40.860862731933594,0.01314127591195939
2008-08-25,40.00046157836914,-0.021281710000014956
2008-08-26,39.948814392089844,-0.0012919990290535897
2008-08-27,40.206947326660156,0.006440805287095938
2008-08-28,40.533905029296875,0.008098985341069263
2008-08-29,39.68207931518555,-0.021239101965557394
2008-09-02,39.191646575927734,-0.012436056605096805
2008-09-03,38.821685791015625,-0.009484623899453608
2008-09-04,37.56549835205078,-0.03289297050952374
2008-09-05,37.384803771972656,-0.004821726531812574
2008-09-08,37.31599426269531,-0.001842270244738242
2008-09-09,36.524383544921875,-0.02144195547538935
2008-09-10,36.82555389404297,0.008211923611768012
2008-09-11,37.51386260986328,0.018518530775854712
2008-09-12,37.36758804321289,-0.003906835442638923
2008-09-15,36.20604705810547,-0.03157754813396248
2008-09-16,36.489986419677734,0.007811727597553023
2008-09-17,34.59709167480469,-0.05326825539337793
2008-09-18,35.767242431640625,0.03326283575880332
2008-09-19,36.93646240234375,0.032166745493354736
2008-09-22,35.197265625,-0.04823080566271683
2008-09-23,34.93035888671875,-0.007612065257644301
2008-09-24,35.171424865722656,0.00687762611265859
2008-09-25,35.731075286865234,0.01578680703922043
2008-09-26,35.36947250366211,-0.010171676932011955
2008-09-29,32.562625885009766,-0.08268390398447724
2008-09-30,33.5010986328125,0.028413047846095704
2008-10-01,33.14809799194336,-0.010592894125434514
2008-10-02,31.641374588012695,-0.04651975259395185
2008-10-03,31.150625228881836,-0.015631269997998062
2008-10-06,30.01411247253418,-0.037166629782727556
2008-10-07,28.111312866210938,-0.06549559837805959
2008-10-08,27.887460708618164,-0.007994937591269003
2008-10-09,27.138402938842773,-0.027227343447400177
2008-10-10,26.96619415283203,-0.006365794287613353
2008-10-13,30.246578216552734,0.1147990481723373
2008-10-14,28.9378719329834,-0.044231876530965455
2008-10-15,26.346284866333008,-0.09382391148244637
2008-10-16,27.775531768798828,0.05282820767666022
2008-10-17,27.80997085571289,0.0012391393329076361
2008-10-20,28.584856033325195,0.02748244799529941
2008-10-21,27.103958129882812,-0.053197294588252904
2008-10-22,26.354902267456055,-0.02802547168468189
2008-10-23,26.251575469970703,-0.003928296848731987
2008-10-24,25.407808303833008,-0.032669464820912396
2008-10-27,24.70180320739746,-0.028180295002044733
2008-10-28,27.431129455566406,0.10480223470743356
2008-10-29,27.362262725830078,-0.0025136887225485254
2008-10-30,28.274900436401367,0.03280970943476584
2008-10-31,28.317955017089844,0.0015215556327698846
2008-11-03,28.257675170898438,-0.0021309482122146037
2008-11-04,29.058406829833984,0.02794272500735153
2008-11-05,27.543058395385742,-0.053557293184028326
2008-11-06,26.311845779418945,-0.04573129233736637
2008-11-07,26.854265213012695,0.02040541406658087
2008-11-10,26.492658615112305,-0.013557000490713879
2008-11-11,25.915794372558594,-0.022015057045019028
2008-11-12,24.719024658203125,-0.047279427937538976
2008-11-13,26.22574806213379,0.05916850241029198
2008-11-14,24.951492309570312,-0.04980804623139601
2008-11-17,24.426280975341797,-0.021273990607518917
2008-11-18,24.400455474853516,-0.0010578426810449787
2008-11-19,23.126190185546875,-0.05363604956993165
2008-11-20,22.006906509399414,-0.049609413219864465
2008-11-21,22.96259880065918,0.042510416890759774
2008-11-24,24.366008758544922,0.05932232416170713
2008-11-25,24.254079818725586,-0.004604234209607654
2008-11-26,25.270057678222656,0.0410353606954542
2008-11-28,25.072017669677734,-0.00786781350481564
2008-12-01,23.186452865600586,-0.07818421045790397
2008-12-02,23.961345672607422,0.032873755054700554
2008-12-03,24.64153289794922,0.02799141353004544
2008-12-04,23.944124221801758,-0.028710389946954695
2008-12-05,24.91704750061035,0.03982924924060228
2008-12-08,25.898569107055664,0.038635512556187517
2008-12-09,25.83829689025879,-0.002329953424954855
2008-12-10,25.752206802368164,-0.003337442422087014
2008-12-11,25.04619026184082,-0.027798593891392633
2008-12-12,25.55418586730957,0.020079403044982867
2008-12-15,25.10646629333496,-0.017675699446563005
2008-12-16,26.311845779418945,0.04689381343599465
2008-12-17,25.9932861328125,-0.01218096862904445
2008-12-18,25.536943435668945,-0.017712113110385008
2008-12-19,25.746482849121094,0.008171863493002873
2008-12-22,25.18603515625,-0.022008348949608892
2008-12-23,25.056692123413086,-0.00514873795969667
2008-12-24,25.125669479370117,0.0027490694815722094
2008-12-26,25.117042541503906,-0.00034341052080984083
2008-12-29,24.910104751586914,-0.008273066981060676
2008-12-30,25.427452087402344,0.02055584676571469
2008-12-31,25.643014907836914,0.008441830015682352
2009-01-02,26.75530242919922,0.0424614641021582
2009-01-05,26.74668312072754,-0.0003222051838882208
2009-01-06,27.01397705078125,0.009943930440525333
2009-01-07,26.246578216552734,-0.028818773721921317
2009-01-08,26.522499084472656,0.010457767946672997
2009-01-09,25.927560806274414,-0.02268686811091307
2009-01-12,25.453311920166016,-0.018460657804033134
2009-01-13,25.46194076538086,0.0003389493262755459
2009-01-14,24.685924530029297,-0.030951594123886598
2009-01-15,25.091176986694336,0.016283045747875844
2009-01-16,25.36709976196289,0.010936779588020813
2009-01-20,24.108224868774414,-0.05089998632018386
2009-01-21,25.134294509887695,0.04168016557798065
2009-01-22,24.798023223876953,-0.013469287434142833
2009-01-23,24.91873550415039,0.00485600914338059
2009-01-26,25.099802017211914,0.007240007923378626
2009-01-27,25.28087615966797,0.0071882685466404415
2009-01-28,26.168981552124023,0.0345265722746476
2009-01-29,25.50505256652832,-0.02569822676631014
2009-01-30,25.056692123413086,-0.017735629913375975
2009-02-02,25.358482360839844,0.011972341475099112
2009-02-03,25.755104064941406,0.015519539618907117
2009-02-04,25.789592742919922,0.0013382049080205437
2009-02-05,26.358671188354492,0.02182626972042384
2009-02-06,27.048463821411133,0.025832915133655432
2009-02-09,27.160564422607422,0.004135870522735194
2009-02-10,26.16036033630371,-0.03752078304892192
2009-02-11,26.039642333984375,-0.0046252188256864085
2009-02-12,26.358671188354492,0.01217721621821765
2009-02-13,26.237960815429688,-0.004590049980722865
2009-02-17,25.19464111328125,-0.0405759305610889
2009-02-18,25.211894989013672,0.0006845888545588295
2009-02-19,24.823881149291992,-0.015509767122297203
2009-02-20,24.89286231994629,0.0027749691595347894
2009-02-23,24.022005081176758,-0.03561081990610563
2009-02-24,24.815261840820312,0.03248857204516306
2009-02-25,24.651437759399414,-0.0066236349581708185
2009-02-26,23.961647033691406,-0.02838071388427992
2009-02-27,23.73746681213379,-0.009399833839057656
2009-03-02,22.970075607299805,-0.03286236975489114
2009-03-03,22.952829360961914,-0.0007510956530555209
2009-03-04,23.565017700195312,0.02632209888785328
2009-03-05,22.857980728149414,-0.030462989134436205
2009-03-06,22.67690086364746,-0.007953499064255697
2009-03-09,22.194053649902344,-0.021522423907902134
2009-03-10,23.565017700195312,0.05993891210659398
2009-03-11,23.927154541015625,0.01525067574770858
2009-03-12,24.720420837402344,0.03261566936599292
2009-03-13,24.78076934814453,0.002438266248320571
2009-03-16,24.36690330505371,-0.016842133257484522
2009-03-17,25.28949546813965,0.03716332102461121
2009-03-18,25.60852813720703,0.012536315742778907
2009-03-19,25.591279983520508,-0.0006737585538733934
2009-03-20,25.20176887512207,-0.015337482304537657
2009-03-23,26.687265396118164,0.05727231466127327
2009-03-24,26.194982528686523,-0.01861861428378025
2009-03-25,26.315900802612305,0.004605463857420143
2009-03-26,27.12773895263672,0.03038343222931337
2009-03-27,26.61817741394043,-0.018962438146499595
2009-03-30,25.961795806884766,-0.02496827846547806
2009-03-31,26.186342239379883,0.00861192091223298
2009-04-01,26.575000762939453,0.014732966661288835
2009-04-02,27.43002700805664,0.03166733662954903
2009-04-03,27.939586639404297,0.01840626957180643
2009-04-06,27.870485305786133,-0.0024763045995458014
2009-04-07,27.13637351989746,-0.026693230287190575
2009-04-08,27.5941162109375,0.01672754498217478
2009-04-09,28.449146270751953,0.030515582830439966
2009-04-13,28.405973434448242,-0.0015186968148349815
2009-04-14,28.060497283935547,-0.01223665856755875
2009-04-15,27.98277473449707,-0.0027736638660535574
2009-04-16,28.7082462310791,0.025595273804610085
2009-04-17,28.76871109008789,0.002103969455997701
2009-04-20,27.84457778930664,-0.03265012204041295
2009-04-21,28.233232498168945,0.013861487454186494
2009-04-22,28.319610595703125,0.0030547770891635024
2009-04-23,28.59597396850586,0.009711419005511738
2009-04-24,29.09689712524414,0.01736560290902367
2009-04-27,29.13144874572754,0.001186763045448375
2009-04-28,28.915529251098633,-0.0074395084099511165
2009-04-29,29.312814712524414,0.013645987480958308
2009-04-30,29.606460571289062,0.009967817447510439
2009-05-01,29.684192657470703,0.002622070309037301
2009-05-04,30.271474838256836,0.01959117425020902
2009-05-05,30.245576858520508,-0.0008558903843184784
2009-05-06,30.254220962524414,0.00028575646114701296
2009-05-07,29.54599380493164,-0.023687549469806942
2009-05-08,29.56328010559082,0.0005848930297519665
2009-05-11,29.666908264160156,0.0034991705128252218
2009-05-12,29.304189682006836,-0.012301726406085416
2009-05-13,28.51824188232422,-0.02718654979435712
2009-05-14,28.837793350219727,0.011142847408010683
2009-05-15,28.820524215698242,-0.0005990162657145865
2009-05-18,29.571908950805664,0.02573710908288747
2009-05-19,29.71010398864746,0.004662300799812732
2009-05-20,29.606460571289062,-0.003494589533399192
2009-05-21,29.062353134155273,-0.018548970171374832
2009-05-22,28.967344284057617,-0.003274493551319756
2009-05-26,30.046937942504883,0.036591620702202794
2009-05-27,29.839649200439453,-0.006922737788255674
2009-05-28,30.185123443603516,0.011511182558796733
2009-05-29,30.556486129760742,0.012227773214599426
2009-06-01,31.428787231445312,0.02814728870614325
2009-06-02,31.471956253051758,0.001372607889597076
2009-06-03,31.37697410583496,-0.0030225564376760257
2009-06-04,31.73108673095703,0.011222539149189954
2009-06-05,31.76563262939453,0.001088116116675708
2009-06-08,31.670625686645508,-0.0029953536449248645
2009-06-09,31.912443161010742,0.0076063846760236085
2009-06-10,31.800193786621094,-0.0035236177909721044
2009-06-11,31.800193786621094,0.0
2009-06-12,31.653352737426758,-0.004628309034392364
2009-06-15,31.005599975585938,-0.02067624210741726
2009-06-16,30.703323364257812,-0.009796930903007029
2009-06-17,30.996963500976562,0.009518346464526584
2009-06-18,30.9365177154541,-0.0019519588929124761
2009-06-19,31.2685546875,0.010675660769358443
2009-06-22,30.334665298461914,-0.03032182215963342
2009-06-23,30.265483856201172,-0.002283211288409804
2009-06-24,30.775671005249023,0.0167165588806658
2009-06-25,31.380971908569336,0.019477243639755802
2009-06-26,31.45015525817871,0.0022022007463138827
2009-06-29,31.519325256347656,0.0021969381174727193
2009-06-30,31.458799362182617,-0.001922124965339625
2009-07-01,31.47608184814453,0.0005492180509113145
2009-07-02,30.784324645996094,-0.022222330643845017
2009-07-06,30.62000846862793,-0.005351953559232998
2009-07-07,29.859052658081055,-0.025165601312707623
2009-07-08,30.014705657958984,0.005199384669031633
2009-07-09,30.066593170166016,0.001727243788635225
2009-07-10,30.19630241394043,0.00430478631412006
2009-07-13,30.775671005249023,0.019004995154884675
2009-07-14,30.888078689575195,0.0036458311209905635
2009-07-15,31.925737380981445,0.033042192405573496
2009-07-16,32.306251525878906,0.011848258252096774
2009-07-17,32.47917938232422,0.005338492457868325
2009-07-20,32.790489196777344,0.009539260177891033
2009-07-21,33.01530456542969,0.006832718836554625
2009-07-22,33.292015075683594,0.00834635204954675
2009-07-23,34.02704620361328,0.021838104253452655
2009-07-24,33.767635345458984,-0.007652875366951085
2009-07-27,34.02704620361328,0.007652875366951121
2009-07-28,33.79357147216797,-0.006885093700377669
2009-07-29,34.01839828491211,0.006630913018254552
2009-07-30,34.217281341552734,0.005829314543787204
2009-07-31,34.1135139465332,-0.003037209631473502
2009-08-03,34.62372589111328,0.0148455572624844
2009-08-04,34.62372589111328,0.0
2009-08-05,34.35564422607422,-0.007772846122238695
2009-08-06,34.05299377441406,-0.008848368718843237
2009-08-07,34.485347747802734,0.01261657924241701
2009-08-10,34.243221282958984,-0.007045904489216735
2009-08-11,33.9492073059082,-0.008623121510578834
2009-08-12,34.476715087890625,0.01541866632080021
2009-08-13,34.66694641113281,0.005502508808379283
2009-08-14,34.26918029785156,-0.01154026333433531
2009-08-17,33.27473831176758,-0.029447916817715997
2009-08-18,33.75033187866211,0.01419175087147009
2009-08-19,33.98379898071289,0.006893659774390519
2009-08-20,34.38157272338867,0.011636833721260438
2009-08-21,34.83989715576172,0.01324245587104943
2009-08-24,34.805294036865234,-0.0009936973723895935
2009-08-25,34.9090690612793,0.0029771512340483587
2009-08-26,34.84854507446289,-0.0017352658273504101
2009-08-27,34.93500518798828,0.0024779523953928208
2009-08-28,34.9695930480957,0.000989573327154903
2009-08-31,34.61506271362305,-0.01018998796022148
2009-09-01,33.96649932861328,-0.01891420086432318
2009-09-02,33.940574645996094,-0.0007635341168243033
2009-09-03,34.16538619995117,0.00660184123925165
2009-09-04,34.900421142578125,0.0212858641246866
2009-09-08,35.229007720947266,0.00937092995740422
2009-09-09,35.53167724609375,0.008554789179225688
2009-09-10,35.86890411376953,0.009446124073258882
2009-09-11,35.90347671508789,0.0009633957684861892
2009-09-14,36.04185104370117,0.0038466569977022875
2009-09-15,36.15427017211914,0.003114273104556841
2009-09-16,36.681758880615234,0.01448453293403252
2009-09-17,36.67310333251953,-0.00023599112246236044
2009-09-18,36.73456573486328,0.0016745502884625576
2009-09-21,36.84709548950195,0.0030586382665204167
2009-09-22,36.91632843017578,0.0018771623475371754
2009-09-23,36.743228912353516,-0.0046999966525487664
2009-09-24,36.414306640625,-0.008992224399849343
2009-09-25,36.09405517578125,-0.00883356179347969
2009-09-28,36.708587646484375,0.016882548297782986
2009-09-29,36.54413604736328,-0.004489986640953462
2009-09-30,36.57011413574219,0.0007106163137018712
2009-10-01,35.48814010620117,-0.03003279402928624
2009-10-02,35.38429260253906,-0.002930549270408218
2009-10-05,35.66992950439453,0.00804001316340739
2009-10-06,36.30178451538086,0.017558877224563466
2009-10-07,36.40565490722656,0.0028572169047446326
2009-10-08,36.56145095825195,0.004270315669785953
2009-10-09,36.7691764831543,0.005665465788918248
2009-10-12,36.84709548950195,0.0021168970760838523
2009-10-13,36.855735778808594,0.00023446288826457727
2009-10-14,37.3577766418457,0.01352984126824151
2009-10-15,37.27121353149414,-0.0023198263562492116
2009-10-16,37.02886199951172,-0.006523610904548011
2009-10-19,37.401039123535156,0.010000825485205988
2009-10-20,37.409698486328125,0.00023150053343418882
2009-10-21,37.34046173095703,-0.001852484997217914
2009-10-22,37.48762512207031,0.003933378148191161
2009-10-23,37.331809997558594,-0.004165103612995651
2009-10-26,37.210628509521484,-0.003251345065102636
2009-10-27,36.648014068603516,-0.015235192623581565
2009-10-28,35.825714111328125,-0.022693333629533304
2009-10-29,36.431636810302734,0.016771633457238564
2009-10-30,35.45353317260742,-0.02721462592081488
2009-11-02,35.60066223144531,0.004141325315983689
2009-11-03,35.713191986083984,0.003155904256488043
2009-11-04,35.773773193359375,0.001694888617125906
2009-11-05,36.656654357910156,0.02437994430426542
2009-11-06,36.87305450439453,0.005886077195568058
2009-11-09,37.66071701049805,0.021136508029140043
2009-11-10,37.755916595458984,0.002524632325100717
2009-11-11,37.99828338623047,0.006398790239892309
2009-11-12,37.78190612792969,-0.005710670499099731
2009-11-13,38.093505859375,0.00821350355891075
2009-11-16,38.48301315307617,0.010173109406495942
2009-11-17,38.604190826416016,0.0031439140842117502
2009-11-18,38.38779067993164,-0.005621383216875317
2009-11-19,37.790550231933594,-0.01568038048540817
2009-11-20,37.60010528564453,-0.005052226965627493
2009-11-23,38.20602798461914,0.015986453265748612
2009-11-24,38.07619094848633,-0.0034041265010075344
2009-11-25,38.24063491821289,0.004309514248325091
2009-11-27,37.66071701049805,-0.015281129460667052
2009-11-30,37.704002380371094,0.001148690660098017
2009-12-01,38.093505859375,0.010277564964705966
2009-12-02,38.14542770385742,0.0013620823399049615
2009-12-03,37.9896354675293,-0.004092528390542772
2009-12-04,38.1887092590332,0.0052265311194929455
2009-12-07,38.00694274902344,-0.004771055828380802
2009-12-08,37.773250579833984,-0.006167651459466526
2009-12-09,38.154090881347656,0.010031787971429762
2009-12-10,38.34451675415039,0.0049785550878189075
2009-12-11,38.19737243652344,-0.0038448096969364884
2009-12-14,38.56089401245117,0.009471925581212263
2009-12-15,38.34451675415039,-0.00562711588427577
2009-12-16,38.39645004272461,0.0013534699566569478
2009-12-17,37.929039001464844,-0.012247989243233922
2009-12-18,38.547218322753906,0.016166920487105958
2009-12-21,38.98072814941406,0.011183434222230318
2009-12-22,39.21481704711914,0.005987287291373317
2009-12-23,39.500919342041016,0.007269284844639935
2009-12-24,39.86506652832031,0.009176468675129536
2009-12-28,40.07317352294922,0.0052067061931799635
2009-12-29,39.90842819213867,-0.004119586511616208
2009-12-30,40.029808044433594,0.0030368432253200833
2009-12-31,39.6656608581543,-0.009138530095474969
2010-01-04,40.246559143066406,0.014538665476735456
2010-01-05,40.246559143066406,0.0
2010-01-06,40.0037841796875,-0.006050458950153501
2010-01-07,40.029808044433594,0.0006503235688930096
2010-01-08,40.359275817871094,0.008196874558503296
2010-01-11,40.194549560546875,-0.004089848897010855
2010-01-12,39.69166946411133,-0.012590074863579494
2010-01-13,40.18586730957031,0.012374045851827605
2010-01-14,40.220550537109375,0.0008626980437376958
2010-01-15,39.75236129760742,-0.011708829344367925
2010-01-19,40.39395523071289,0.01601090772090562
2010-01-20,39.81304931640625,-0.014485419946771619
2010-01-21,39.440250396728516,-0.009407852307824451
2010-01-22,38.28711700439453,-0.02967340955684817
2010-01-25,38.41716384887695,0.0033908660023138377
2010-01-26,38.45185089111328,0.0009024974421240562
2010-01-27,38.755313873291016,0.007861046208251411
2010-01-28,37.75825119018555,-0.02606385222601198
2010-01-29,37.09931564331055,-0.017605503214241244
2010-02-01,37.50681686401367,0.01092417632489287
2010-02-02,37.844940185546875,0.008974590752308227
2010-02-03,38.05303192138672,0.005483473444145868
2010-02-04,36.95193862915039,-0.029362651391920392
2010-02-05,37.2640495300293,0.008410930006036871
2010-02-08,36.99526596069336,-0.007239084856745541
2010-02-09,37.37676239013672,0.010259227400253314
2010-02-10,37.29872131347656,-0.0020901399281538576
2010-02-11,37.862266540527344,0.014995965430776189
2010-02-12,37.94032287597656,0.0020594642911021346
2010-02-16,38.425838470458984,0.012715635504435132
2010-02-17,38.64259719848633,0.005625112218775606
2010-02-18,38.88534927368164,0.006262331960822353
2010-02-19,38.868011474609375,-0.0004459691309228098
2010-02-22,38.78998565673828,-0.002009473512295347
2010-02-23,38.28711700439453,-0.013048642725946955
2010-02-24,38.67728042602539,0.010138889589383767
2010-02-25,38.668601989746094,-0.0002244059035764778
2010-02-26,38.80732345581055,0.003581025034826055
2010-03-01,39.37088394165039,0.014417579186925268
2010-03-02,39.49225997924805,0.003078145947508815
2010-03-03,39.535621643066406,0.0010973764519479421
2010-03-04,39.6656608581543,0.0032837683389381083
2010-03-05,40.263885498046875,0.014969078085315269
2010-03-08,40.34192657470703,0.0019363641166307434
2010-03-09,40.567344665527344,0.0055721345801096785
2010-03-10,40.89681625366211,0.008088793423268823
2010-03-11,41.052894592285156,0.0038091294216815483
2010-03-12,41.06153869628906,0.00021053799410533378
2010-03-15,40.957515716552734,-0.0025365577854010507
2010-03-16,41.217613220214844,0.00633034290559703
2010-03-17,41.3303108215332,0.002730478631529502
2010-03-18,41.46904754638672,0.0033511577245430024
2010-03-19,41.21821212768555,-0.006067106084356654
2010-03-22,41.591407775878906,0.009013401467192176
2010-03-23,41.87783432006836,0.006863071025016149
2010-03-24,41.6782112121582,-0.004778193760614828
2010-03-25,41.61747360229492,-0.001458361756996249
2010-03-26,41.660865783691406,0.0010421001581758687
2010-03-29,41.860477447509766,0.004779905019434734
2010-03-30,41.99934768676758,0.0033119641252680643
2010-03-31,41.79972839355469,-0.0047642451475678515
2010-04-01,41.79972839355469,0.0
2010-04-05,42.19029998779297,0.009300494763620194
2010-04-06,42.31181716918945,0.002876076227408382
2010-04-07,42.20765686035156,-0.0024647659670303996
2010-04-08,42.30312728881836,0.0022593677254476477
2010-04-09,42.55482864379883,0.005932315724027954
2010-04-12,42.58955383300781,0.0008156777963303525
2010-04-13,42.80653381347656,0.005081742112345047
2010-04-14,43.318626403808594,0.011891963370181205
2010-04-15,43.509559631347656,0.004397962090681396
2010-04-16,42.98878860473633,-0.012041324015618592
2010-04-19,42.962764739990234,-0.000605547300278339
2010-04-20,43.179744720458984,0.0050377088086549894
2010-04-21,43.422760009765625,0.005612214748679261
2010-04-22,43.665794372558594,0.005581330300367161
2010-04-23,43.84803771972656,0.0041649098491234925
2010-04-26,43.75257873535156,-0.0021794143927874733
2010-04-27,42.823875427246094,-0.021454769449230433
2010-04-28,42.84994125366211,0.0006084899267965675
2010-04-29,43.59633255004883,0.01726875692601729
2010-04-30,42.737098693847656,-0.01990566609519146
2010-05-03,43.33598327636719,0.013915947551988645
2010-05-04,42.034080505371094,-0.030502582601782804
2010-05-05,41.81709289550781,-0.005175552957010904
2010-05-06,40.41970443725586,-0.03398777723131278
2010-05-07,39.412899017333984,-0.025224250707714876
2010-05-10,41.461219787597656,0.05066537845304622
2010-05-11,41.41783142089844,-0.0010470286527253612
2010-05-12,42.198974609375,0.018684423638930855
2010-05-13,41.53067398071289,-0.015963636112269818
2010-05-14,40.732177734375,-0.019413898471351516
2010-05-17,40.86233901977539,0.00319044467659973
2010-05-18,40.29819869995117,-0.013902061801690586
2010-05-19,39.97705841064453,-0.008001020838780324
2010-05-20,38.49289321899414,-0.03783211730306794
2010-05-21,38.918190002441406,0.01098811810634073
2010-05-24,38.76193618774414,-0.004023011627377289
2010-05-25,38.79667663574219,0.0008958502236370422
2010-05-26,38.36270523071289,-0.011248819537005378
2010-05-27,39.81215286254883,0.037086444280584614
2010-05-28,39.577816009521484,-0.005903454477302318
2010-06-01,39.213287353515625,-0.009253107047738515
2010-06-02,40.141963958740234,0.02340661743145854
2010-06-03,40.523860931396484,0.009468689533747136
2010-06-04,39.135169982910156,-0.03486940867816741
2010-06-07,38.42346954345703,-0.018353091825235188
2010-06-08,38.354007720947266,-0.0018094327643073385
2010-06-09,38.03289794921875,-0.008407505459480137
2010-06-10,39.11781311035156,0.028126420817600816
2010-06-11,39.49102020263672,0.009495367903167469
2010-06-14,39.48234558105469,-0.00021968473879350006
2010-06-15,40.541229248046875,0.026465837738987346
2010-06-16,40.70612335205078,0.004059069622014555
2010-06-17,40.83629608154297,0.00319276374125969
2010-06-18,40.87023162841797,0.0008306692201335575
2010-06-21,40.52238845825195,-0.008547342191293059
2010-06-22,40.20936965942383,-0.007754578240354737
2010-06-23,40.044124603271484,-0.004118083360671868
2010-06-24,39.4354133605957,-0.015317732342150127
2010-06-25,39.44327163696289,0.0001992496805297933
2010-06-28,39.303855895996094,-0.003540850085489307
2010-06-29,37.78782272338867,-0.03933572791512417
2010-06-30,37.21276092529297,-0.015335162467137063
2010-07-01,37.10821533203125,-0.0028133554612091907
2010-07-02,37.0036506652832,-0.002821808214509857
2010-07-06,37.116912841796875,0.0030561630757115895
2010-07-07,38.301876068115234,0.031426141006670884
2010-07-08,38.5109977722168,0.005444978434275767
2010-07-09,38.876922607421875,0.009456968493026324
2010-07-12,38.99020767211914,0.002909703856215828
2010-07-13,39.49552536010742,0.012876854195417406
2010-07-14,39.69593048095703,0.005061292194478733
2010-07-15,39.73078155517578,0.0008775656340785421
2010-07-16,38.63296890258789,-0.028020212728063255
2010-07-19,38.964054107666016,0.008533502997554456
2010-07-20,39.43455123901367,0.012002835455747301
2010-07-21,38.89435958862305,-0.013793124631939937
2010-07-22,39.878902435302734,0.024998180642988036
2010-07-23,40.131591796875,0.00631642646707124
2010-07-26,40.46266174316406,0.008215767104502966
2010-07-27,40.44526290893555,-0.00043008974884788863
2010-07-28,40.12287139892578,-0.00800299606009304
2010-07-29,39.826637268066406,-0.0074105642792522955
2010-07-30,39.91376495361328,0.002185284192011142
2010-08-02,40.6630744934082,0.018599169326505967
2010-08-03,40.488807678222656,-0.004294837738665974
2010-08-04,40.89832305908203,0.010063478912090603
2010-08-05,40.80247116088867,-0.002346413962943883
2010-08-06,40.741485595703125,-0.0014957718261822926
2010-08-09,41.02029800415039,0.006820142049301757
2010-08-10,40.6630744934082,-0.008746597433600243
2010-08-11,39.556549072265625,-0.02758914983846416
2010-08-12,39.242881774902344,-0.007961198467887499
2010-08-13,38.964054107666016,-0.007130540162341565
2010-08-16,39.033756256103516,0.0017872852242149298
2010-08-17,39.5303955078125,0.01264306572577544
2010-08-18,39.68723678588867,0.003959761948707814
2010-08-19,39.08604049682617,-0.01526426176154949
2010-08-20,39.1383171081543,0.0013365816150151312
2010-08-23,38.75494384765625,-0.009843633491159628
2010-08-24,38.031795501708984,-0.018835797229225855
2010-08-25,38.39771270751953,0.009575359313863134
2010-08-26,37.93593215942383,-0.012099151880002764
2010-08-27,38.39771270751953,0.012099151880002853
2010-08-30,37.99692916870117,-0.010492547800272527
2010-08-31,37.86623764038086,-0.0034454574757658207
2010-09-01,38.9989013671875,0.029473588025509378
2010-09-02,39.43455123901367,0.0111088913606349
2010-09-03,40.088035583496094,0.016435558270253708
2010-09-07,39.81791687011719,-0.006760941682526428
2010-09-08,40.2971305847168,0.011963281436798237
2010-09-09,40.45397186279297,0.0038845655489103802
2010-09-10,40.60206985473633,0.0036542163571009908
2010-09-13,41.168418884277344,0.013852383532725034
2010-09-14,41.342674255371094,0.00422381096967924
2010-09-15,41.60406494140625,0.006302635976751068
2010-09-16,41.769615173339844,0.003971288043945172
2010-09-17,41.91108703613281,0.0033812335184057697
2010-09-20,42.64469528198242,0.017352489295029274
2010-09-21,42.63595962524414,-0.0002048684259832827
2010-09-22,42.522422790527344,-0.0026664879902141836
2010-09-23,42.504940032958984,-0.00041122662715114964
2010-09-24,43.36955261230469,0.02013733694611959
2010-09-27,43.133758544921875,-0.005451690767202508
2010-09-28,43.11627960205078,-0.0004053086464863939
2010-09-29,43.046424865722656,-0.001621461444703382
2010-09-30,42.85427474975586,-0.00447378047705282
2010-10-01,42.80188751220703,-0.0012231984879381465
2010-10-04,42.33902359008789,-0.010872998096429238
2010-10-05,43.36955261230469,0.024048437919812364
2010-10-06,42.99402618408203,-0.008696462100347512
2010-10-07,43.15121841430664,0.003649473756171086
2010-10-08,43.44815444946289,0.006857721690972399
2010-10-11,43.465614318847656,0.00040177453738501293
2010-10-12,43.76255416870117,0.006808373992699109
2010-10-13,44.12062072753906,0.008148739292096144
2010-10-14,44.03329086303711,-0.001981305003817341
2010-10-15,44.96773910522461,0.02099936553916849
2010-10-18,44.801815032958984,-0.0036966711667395257
2010-10-19,44.382606506347656,-0.009401005395420475
2010-10-20,44.70574188232422,0.007254299779926046
2010-10-21,44.793067932128906,0.0019514466772963947
2010-10-22,45.098724365234375,0.006800567733397524
2010-10-25,45.317073822021484,0.004829905517304546
2010-10-26,45.43933868408203,0.0026943536583245095
2010-10-27,45.57905960083008,0.0030701710671916208
2010-10-28,45.675140380859375,0.002105783965078455
2010-10-29,45.57033920288086,-0.0022971269270787792
2010-11-01,45.60527038574219,0.0007662396715089508
2010-11-02,46.09434509277344,0.01066698790180057
2010-11-03,46.3039436340332,0.0045368567678666614
2010-11-04,46.87160110473633,0.012184838749981008
2010-11-05,46.87160110473633,0.0
2010-11-08,46.932735443115234,0.0013034439405293155
2010-11-09,46.679481506347656,-0.005410715884571826
2010-11-10,46.915287017822266,0.005038871597681784
2010-11-11,46.61833953857422,-0.0063495555095159206
2010-11-12,45.85854721069336,-0.016432417902078
2010-11-15,45.68388366699219,-0.0038160174245000546
2010-11-16,44.93281555175781,-0.016577194298664204
2010-11-17,45.06382369995117,0.0029114029550652127
2010-11-18,45.78868103027344,0.01595713212930983
2010-11-19,45.823612213134766,0.0007625872755164464
2010-11-22,46.2078742980957,0.008350714142515418
2010-11-23,45.47427749633789,-0.016003386570303774
2010-11-24,46.39128494262695,0.019964780731652775
2010-11-26,46.08560562133789,-0.006610958321106524
2010-11-29,46.05067825317383,-0.0007581675398306272
2010-11-30,45.49173355102539,-0.012211861963875258
2010-12-01,46.452396392822266,0.020897425478766857
2010-12-02,46.92399978637695,0.010101212358360007
2010-12-03,47.046268463134766,0.002602285766224192
2010-12-06,47.028804779052734,-0.0003712712343614253
2010-12-07,47.05501174926758,0.00055709838013967
2010-12-08,47.22966766357422,0.003704867326741485
2010-12-09,47.273338317871094,0.0009242173188436156
2010-12-10,47.587730407714844,0.006628498818049972
2010-12-13,47.42180633544922,-0.003492791284688522
2010-12-14,47.50913619995117,0.001839861415140511
2010-12-15,47.299530029296875,-0.004421674104173935
2010-12-16,47.66632843017578,0.007724886203326789
2010-12-17,47.70832443237305,0.0008806533738467878
2010-12-20,47.74334716796875,0.000733831824632958
2010-12-21,48.032108306884766,0.006029979444018192
2010-12-22,48.02335739135742,-0.000182205468224894
2010-12-23,47.900856018066406,-0.002554129672427053
2010-12-27,47.927120208740234,0.0005481528957535049
2010-12-28,47.83959197998047,-0.001827947334339966
2010-12-29,47.94460678100586,0.0021927383526850076
2010-12-30,47.830848693847656,-0.0023755176123093783
2010-12-31,47.655845642089844,-0.0036655001813253973
2011-01-03,48.3996467590332,0.015487214010376754
2011-01-04,48.36463928222656,-0.0007235619620866724
2011-01-05,48.77591323852539,0.008467656463272757
2011-01-06,48.93341827392578,0.0032239535239126397
2011-01-07,48.88966369628906,-0.0008945655702794894
2011-01-10,49.07344055175781,0.0037519650376255536
2011-01-11,49.143428802490234,0.0014251780379249657
2011-01-12,49.49346160888672,0.00709743128156376
2011-01-13,49.51096725463867,0.00035363359266512814
2011-01-14,49.87848663330078,0.00739557446775012
2011-01-18,50.01850509643555,0.002803258684812947
2011-01-19,49.449710845947266,-0.011436828236888734
2011-01-20,49.09967803955078,-0.007103733109458555
2011-01-21,48.723411560058594,-0.007692832778869065
2011-01-24,49.39720916748047,0.013734283251766585
2011-01-25,49.467201232910156,0.001415920589416387
2011-01-26,49.729732513427734,0.005293145333343013
2011-01-27,50.03599548339844,0.0061396621501106875
2011-01-28,48.76716613769531,-0.025685394721928725
2011-01-31,49.003421783447266,0.004832866624191152
2011-02-01,49.92224884033203,0.018576643943643868
2011-02-02,49.84349060058594,-0.0015788637772492437
2011-02-03,49.930992126464844,0.001753986508780109
2011-02-04,50.21100616455078,0.005592354309628077
2011-02-07,50.4472770690918,0.004694523508111172
2011-02-08,50.77980041503906,0.006569873402970655
2011-02-09,50.69229507446289,-0.0017247177531031943
2011-02-10,50.771053314208984,0.0015524473973062565
2011-02-11,51.13857650756836,0.007212758741894554
2011-02-14,51.26108169555664,0.0023926885808550355
2011-02-15,51.19109344482422,-0.0013662620929934665
2011-02-16,51.52361297607422,0.006474646220904032
2011-02-17,51.50608444213867,-0.00034026177973742693
2011-02-18,51.3923454284668,-0.002210705452691251
2011-02-22,49.90473937988281,-0.029373263945881058
2011-02-23,49.49346160888672,-0.008275403659349057
2011-02-24,49.7559814453125,0.005290114293276933
2011-02-25,50.4472770690918,0.013798086046547664
2011-02-28,50.552284240722656,0.002079359714128468
2011-03-01,49.73846435546875,-0.016229567728566128
2011-03-02,50.0009880065918,0.005264200898562747
2011-03-03,50.98980712890625,0.01958298716733324
2011-03-04,50.727298736572266,-0.005161550221150411
2011-03-07,50.04476547241211,-0.013546287984991938
2011-03-08,50.246028900146484,0.004013602627697548
2011-03-09,49.90473937988281,-0.00681554115348903
2011-03-10,49.125938415527344,-0.01572880318702517
2011-03-11,49.43220138549805,0.006214889127745269
2011-03-14,49.25719451904297,-0.0035466231867201142
2011-03-15,48.557132720947266,-0.014314339655193634
2011-03-16,47.384552001953125,-0.024444830448989638
2011-03-17,47.82209777832031,0.009191560838861634
2011-03-18,47.714317321777344,-0.002256322935204046
2011-03-21,48.63442611694336,0.019100130102607187
2011-03-22,48.54678726196289,-0.0018036177094531021
2011-03-23,48.81843185424805,0.0055799247322141825
2011-03-24,49.68596649169922,0.017614585399139848
2011-03-25,49.80866241455078,0.002466384093241627
2011-03-28,49.53702163696289,-0.005468611085594076
2011-03-29,50.01898193359375,0.00968227016971096
2011-03-30,50.25556945800781,0.004718803727178245
2011-03-31,50.3256721496582,0.0013939518319972615
2011-04-01,50.351959228515625,0.0005222029778599952
2011-04-04,50.18547058105469,-0.0033119764442628786
2011-04-05,50.05404281616211,-0.0026222761015111586
2011-04-06,50.17670822143555,0.002447661326384684
2011-04-07,50.141658782958984,-0.000698764163518796
2011-04-08,49.90504455566406,-0.004730084261850311
2011-04-11,49.738548278808594,-0.003341839190463935
2011-04-12,49.39679718017578,-0.00689466407466825
2011-04-13,49.81740951538086,0.00847892391835625
2011-04-14,49.72980499267578,-0.0017600602036570152
2011-04-15,49.64216232299805,-0.0017639319170166539
2011-04-18,49.291656494140625,-0.007085692224055918
2011-04-19,49.59835433959961,0.006202827287088759
2011-04-20,50.72001266479492,0.022362905285800625
2011-04-21,51.12309265136719,0.007915746285147022
2011-04-25,51.254554748535156,0.002568181097381398
2011-04-26,51.543724060058594,0.005625971127063225
2011-04-27,51.89423370361328,0.006777221683969771
2011-04-28,51.815391540527344,-0.001520440905825075
2011-04-29,51.771575927734375,-0.0008459677211708589
2011-05-02,51.6751594543457,-0.0018640801172025612
2011-05-03,51.4298095703125,-0.004759234195174433
2011-05-04,51.35093688964844,-0.0015347757019273666
2011-05-05,51.07052230834961,-0.005475713471447897
2011-05-06,51.237030029296875,0.0032550454811900308
2011-05-09,51.4298095703125,0.003755443692185116
2011-05-10,51.86794662475586,0.008483043543535006
2011-05-11,51.49116134643555,-0.007290832027387794
2011-05-12,51.797855377197266,0.005938577824252174
2011-05-13,51.184444427490234,-0.011913080316440356
2011-05-16,50.29938507080078,-0.017442814308926496
2011-05-17,50.439598083496094,0.002783691056765034
2011-05-18,50.86021423339844,0.008304429347783677
2011-05-19,51.00917053222656,0.0029244587141211784
2011-05-20,50.623626708984375,-0.007587032594390005
2011-05-23,49.87875747680664,-0.014823188069548774
2011-05-24,49.572059631347656,-0.006167849127220119
2011-05-25,49.76484680175781,0.003881486133920761
2011-05-26,50.0715446472168,0.006144028360881562
2011-05-27,50.3256721496582,0.005062451993980356
2011-05-31,51.140625,0.01606386352683934
2011-06-01,50.02773666381836,-0.022001606244620515
2011-06-02,50.13287353515625,0.002099366402491319
2011-06-03,49.3792724609375,-0.01514620096724152
2011-06-06,48.97618103027344,-0.008196671830100706
2011-06-07,48.8885612487793,-0.0017906306779207268
2011-06-08,48.53804397583008,-0.00719554549809799
2011-06-09,48.62565994262695,0.00180347160536519
2011-06-10,47.88080596923828,-0.015436660274717367
2011-06-13,47.88080596923828,0.0
2011-06-14,48.49422073364258,0.012729917055558081
2011-06-15,47.57411575317383,-0.019155804078487052
2011-06-16,47.39008712768555,-0.0038757521312300343
2011-06-17,47.24165725708008,-0.003137002140087651
2011-06-20,47.48755645751953,0.005191635042842669
2011-06-21,48.506370544433594,0.021227433343951906
2011-06-22,48.15504837036133,-0.007269161264638217
2011-06-23,48.60296630859375,0.009258584715552834
2011-06-24,47.75983428955078,-0.017499564771073103
2011-06-27,48.523929595947266,0.015872070566588393
2011-06-28,49.244083404541016,0.014732156487847608
2011-06-29,49.44608688354492,0.004093695664275565
2011-06-30,50.10477066040039,0.013233304172134999
2011-07-01,50.860076904296875,0.014962045751120541
2011-07-05,51.11479949951172,0.004995801593074782
2011-07-06,51.281654357910156,0.0032589996976321203
2011-07-07,51.984275817871094,0.013608211373328178
2011-07-08,51.84373092651367,-0.0027072652477005527
2011-07-11,50.90401077270508,-0.018292301929019355
2011-07-12,50.51759719848633,-0.007619982598925475
2011-07-13,50.72835922241211,0.004163372757120396
2011-07-14,50.139915466308594,-0.011667700940966412
2011-07-15,50.80738067626953,0.01322422615840241
2011-07-18,50.535125732421875,-0.005372979383885163
2011-07-19,51.68564987182617,0.022511524094056663
2011-07-20,51.46609878540039,-0.004256862744876921
2011-07-21,51.808616638183594,0.006633164898962137
2011-07-22,52.344356536865234,0.01028764916404162
2011-07-25,52.23895263671875,-0.0020156932624824865
2011-07-26,52.37070846557617,0.002519000580614911
2011-07-27,51.01818084716797,-0.026165379883166813
2011-07-28,51.10600280761719,0.0017199056864875308
2011-07-29,50.93913269042969,-0.0032705187780683433
2011-08-01,50.70199966430664,-0.004666092375710451
2011-08-02,49.41975021362305,-0.025615204740344247
2011-08-03,49.89399719238281,0.009550552585805987
2011-08-04,47.57538986206055,-0.0475850909434131
2011-08-05,47.276790618896484,-0.006296117349108385
2011-08-08,44.43122100830078,-0.06207709229438428
2011-08-09,46.57417297363281,0.04710376126834423
2011-08-10,44.66835021972656,-0.04178095739793116
2011-08-11,46.63566207885742,0.04310032705693065
2011-08-12,47.04842758178711,0.008811916203778514
2011-08-15,47.74226760864258,0.014639673596710343
2011-08-16,47.33826446533203,-0.008498176564375567
2011-08-17,47.0572395324707,-0.0059542192417496
2011-08-18,44.747398376464844,-0.05033141691812695
2011-08-19,43.939388275146484,-0.018222161154406225
2011-08-22,44.097476959228516,0.003591423969593002
2011-08-23,45.91547775268555,0.04039969715895049
2011-08-24,46.275577545166016,0.007812072932177884
2011-08-25,45.520267486572266,-0.016456673054782676
2011-08-26,46.66200637817383,0.024772599586063572
2011-08-29,47.961822509765625,0.0274750644282684
2011-08-30,48.278011322021484,0.0065708748098104765
2011-08-31,48.3570556640625,0.0016359353211015434
2011-09-01,47.91791534423828,-0.009122690161027347
2011-09-02,46.79374313354492,-0.023739949769701892
2011-09-06,46.80251693725586,0.00018748192994039623
2011-09-07,47.988182067871094,0.02501779148657363
2011-09-08,47.76861572265625,-0.004585924656710861
2011-09-09,46.7059211730957,-0.022497900665355657
2011-09-12,47.30314254760742,0.012705783577000421
2011-09-13,47.93548583984375,0.013279329936440378
2011-09-14,48.62052917480469,0.014189790854233483
2011-09-15,49.34070587158203,0.014703564553092997
2011-09-16,49.79296112060547,0.009124213807679712
2011-09-19,49.81058120727539,0.00035380442184914306
2011-09-20,49.59059143066406,-0.004426308663104049
2011-09-21,48.728294372558594,-0.01754127218611417
2011-09-22,47.14451217651367,-0.03304224309013455
2011-09-23,47.64603042602539,0.010581708162502387
2011-09-26,48.200374603271484,0.011567473152440373
2011-09-27,48.70189666748047,0.010351182395868488
2011-09-28,47.98038864135742,-0.014925617825609446
2011-09-29,47.40847396850586,-0.011991369019285419
2011-09-30,46.185420989990234,-0.026136803129440916
2011-10-03,44.997562408447266,-0.02605586569802146
2011-10-04,45.92144775390625,0.020323959654212246
2011-10-05,47.10051727294922,0.025351704146417943
2011-10-06,47.89240264892578,0.016672899852672125
2011-10-07,47.57563400268555,-0.006636143778554248
2011-10-10,49.22104263305664,0.0340004883796019
2011-10-11,49.555397033691406,0.006769947950709365
2011-10-12,49.801761627197266,0.0049591816380361595
2011-10-13,50.25931167602539,0.009145479312480064
2011-10-14,51.191993713378906,0.018387310274848766
2011-10-17,50.40007781982422,-0.015590427912132854
2011-10-18,51.024810791015625,0.012319281406411987
2011-10-19,50.03933334350586,-0.0195026374886139
2011-10-20,49.79296112060547,-0.004935731957039976
2011-10-21,50.417686462402344,0.012468404310685625
2011-10-24,51.464759826660156,0.02055526284436557
2011-10-25,50.452884674072266,-0.01985737419950186
2011-10-26,50.391292572021484,-0.0012215303132302585
2011-10-27,51.78150939941406,0.027214730414938583
2011-10-28,51.860694885253906,0.0015280551353424989
2011-10-31,50.98961639404297,-0.0169391673954167
2011-11-01,49.66097640991211,-0.026402570092319368
2011-11-02,50.08332824707031,0.008468741405317264
2011-11-03,51.12160110473633,0.02051894690278699
2011-11-04,50.857627868652344,-0.0051770115995819046
2011-11-07,51.2183723449707,0.007068184047932431
2011-11-08,51.80791473388672,0.011444629141747374
2011-11-09,49.98653030395508,-0.03578935646989933
2011-11-10,49.96014404296875,-0.0005280067950587954
2011-11-11,50.901607513427734,0.018668936434877006
2011-11-14,50.584869384765625,-0.0062419972936707665
2011-11-15,51.14799880981445,0.01107086011914256
2011-11-16,50.303306579589844,-0.016652555565592364
2011-11-17,49.12425231933594,-0.023717962002911392
2011-11-18,48.74589538574219,-0.007731853427446534
2011-11-21,47.81321716308594,-0.0193188857198843
2011-11-22,47.971580505371094,0.003306651795162116
2011-11-23,46.88932418823242,-0.022818742466816148
2011-11-25,46.528568267822266,-0.007723524996476749
2011-11-28,48.14757537841797,0.03420428609232579
2011-11-29,47.84840774536133,-0.006232940001542178
2011-11-30,49.616981506347656,0.036295302829256595
2011-12-01,49.96014404296875,0.006892424203576362
2011-12-02,49.819358825683594,-0.002821928485582564
2011-12-05,50.36490249633789,0.010890913518350951
2011-12-06,50.224117279052734,-0.0027992182353070117
2011-12-07,50.224117279052734,0.0
2011-12-08,49.37942123413086,-0.01696157202172964
2011-12-09,50.17131423950195,0.015909670682775028
2011-12-12,49.608184814453125,-0.011287597340039297
2011-12-13,49.06266784667969,-0.011057419921998882
2011-12-14,48.29715347290039,-0.015725792002245075
2011-12-15,48.16517639160156,-0.002736346174374892
2011-12-16,48.41316223144531,0.00513544524343331
2011-12-19,47.936614990234375,-0.009892106467532729
2011-12-20,49.35740661621094,0.02920822081175457
2011-12-21,48.65141677856445,-0.014406907957100394
2011-12-22,49.06618118286133,0.00848909313715198
2011-12-23,49.48979949951172,0.008596554415538292
2011-12-27,49.67438888549805,0.003722908485290494
2011-12-28,49.10026550292969,-0.011625043930014314
2011-12-29,49.45356750488281,0.007169756967108329
2011-12-30,49.3122444152832,-0.002861783511981687
2012-01-03,50.25733947753906,0.018984179895454534
2012-01-04,50.46932601928711,0.004209150649074218
2012-01-05,50.88444519042969,0.008191535202617646
2012-01-06,51.061100006103516,0.003465673603459893
2012-01-09,50.89329147338867,-0.0032918382781473832
2012-01-10,51.264244079589844,0.007262395957429904
2012-01-11,51.37022399902344,0.002065192309850814
2012-01-12,51.573387145996094,0.0039470814842623506
2012-01-13,51.38790512084961,-0.0036029506178849994
2012-01-17,51.85602951049805,0.009068379645794968
2012-01-18,52.54496765136719,0.013198114196087855
2012-01-19,52.87177276611328,0.006200270666846689
2012-01-20,52.792259216308594,-0.001505026134660128
2012-01-23,52.8099479675293,0.0003350072286906307
2012-01-24,52.712791442871094,-0.0018414334702620068
2012-01-25,53.37522506713867,0.012488540283200674
2012-01-26,53.18974304199219,-0.0034811104576963625
2012-01-27,53.34873962402344,0.002984775005099641
2012-01-30,53.39289474487305,0.0008273270992943077
2012-01-31,53.463558197021484,0.001322586713362906
2012-02-01,53.89635467529297,0.008062577757194144
2012-02-02,54.06417465209961,0.0031089160644576764
2012-02-03,54.80609893798828,0.01362972181388244
2012-02-06,54.76193618774414,-0.0008061247531730157
2012-02-07,54.87675857543945,0.0020945603178189015
2012-02-08,55.16823196411133,0.005297361903599984
2012-02-09,55.565696716308594,0.007178765602684372
2012-02-10,55.177066802978516,-0.007018634831645185
2012-02-13,55.689353942871094,0.00924158609095392
2012-02-14,55.83067321777344,0.002534421020958282
2012-02-15,55.44205093383789,-0.006985069647741969
2012-02-16,56.20165252685547,0.013607812906300499
2012-02-17,56.02500534057617,-0.0031480458479286886
2012-02-21,56.183982849121094,0.0028335985821218426
2012-02-22,55.9278450012207,-0.004569335786711591
2012-02-23,56.2988166809082,0.006611139016391205
2012-02-24,56.49312973022461,0.0034455162399928325
2012-02-27,56.572635650634766,0.001406366166569925
2012-02-28,57.14672088623047,0.010096612045649803
2012-02-29,56.89057922363281,-0.004492251098587411
2012-03-01,57.34105682373047,0.007887130937012654
2012-03-02,57.29689407348633,-0.0007704735139313448
2012-03-05,56.70510482788086,-0.010382178681564793
2012-03-06,56.14866638183594,-0.009861309007758178
2012-03-07,56.58146667480469,0.00767855776858353
2012-03-08,57.19088363647461,0.01071302101955067
2012-03-09,57.429359436035156,0.004161152293387487
2012-03-12,57.45586395263672,0.00046140863533195904
2012-03-13,58.52460861206055,0.018430256192505257
2012-03-14,58.72775650024414,0.003465142750152613
2012-03-15,58.89559555053711,0.0028538408620248173
2012-03-16,58.8539924621582,-0.0007066366993246133
2012-03-19,59.26982498168945,0.007040650163350675
2012-03-20,59.376007080078125,0.0017899006630379454
2012-03-21,59.384864807128906,0.0001491691148179359
2012-03-22,59.26099395751953,-0.0020880778462265288
2012-03-23,59.225589752197266,-0.0005976070077718515
2012-03-26,60.26077651977539,0.01732771195490851
2012-03-27,60.349246978759766,0.0014670501221300688
2012-03-28,60.1103630065918,-0.0039662138263767376
2012-03-29,59.88033676147461,-0.003834072596393808
2012-03-30,59.76530838012695,-0.0019228182797969516
2012-04-02,60.384639739990234,0.010309398463270118
2012-04-03,60.36690902709961,-0.0002936726393837639
2012-04-04,59.544124603271484,-0.01372346333826193
2012-04-05,59.91572189331055,0.006221312005393159
2012-04-09,59.464473724365234,-0.007559885720546742
2012-04-10,58.50894546508789,-0.016199397484615588
2012-04-11,58.792057037353516,0.004827104900319028
2012-04-12,59.464473724365234,0.011372292584296648
2012-04-13,58.56202697753906,-0.015292571223908818
2012-04-16,57.90730667114258,-0.011242911458752732
2012-04-17,59.08402633666992,0.02011703464511598
2012-04-18,58.933650970458984,-0.002548354636723164
2012-04-19,58.27006912231445,-0.0113236838949792
2012-04-20,58.110809326171875,-0.0027368739208145417
2012-04-23,57.579952239990234,-0.009177237746502035
2012-04-24,57.270286560058594,-0.005392525667732427
2012-04-25,58.792057037353516,0.02622483132000023
2012-04-26,59.13711929321289,0.005852041901031868
2012-04-27,59.491004943847656,0.00596632042665763
2012-04-30,59.066368103027344,-0.007163428907859315
2012-05-01,59.16366958618164,0.0016459692819794257
2012-05-02,59.33176040649414,0.002837087186749408
2012-05-03,58.70359420776367,-0.010643796194883154
2012-05-04,57.243736267089844,-0.02518272880800651
2012-05-07,57.29682922363281,0.0009270595115018327
2012-05-08,57.08449172973633,-0.0037128044342872087
2012-05-09,56.90754318237305,-0.003104579887972066
2012-05-10,56.79252624511719,-0.002023164577950102
2012-05-11,56.783668518066406,-0.00015597858489992236
2012-05-14,56.25282669067383,-0.009392466192602235
2012-05-15,56.0670166015625,-0.0033085918421324164
2012-05-16,55.68657684326172,-0.006808572614664484
2012-05-17,54.50984191894531,-0.021357856609484343
2012-05-18,53.802059173583984,-0.013069529997072936
2012-05-21,55.30613327026367,0.027572070387477304
2012-05-22,55.24421310424805,-0.0011202167070754477
2012-05-23,55.35036087036133,0.0019195842054984993
2012-05-24,54.98760986328125,-0.006575294281987557
2012-05-25,54.916839599609375,-0.001287850925037602
2012-05-29,55.61578369140625,0.012647006596166707
2012-05-30,55.14688491821289,-0.008466780011954776
2012-05-31,54.90799331665039,-0.0043413246299490995
2012-06-01,53.44813537597656,-0.02694718419646234
2012-06-04,53.855133056640625,0.007585968971793844
2012-06-05,54.0763053894043,0.0040983914516559946
2012-06-06,55.31498718261719,0.02264777587328251
2012-06-07,55.093780517578125,-0.004007054251761668
2012-06-08,55.62464141845703,0.009589460537001
2012-06-11,54.686790466308594,-0.01700410435255615
2012-06-12,55.35036087036133,0.01206098921980942
2012-06-13,54.96992111206055,-0.006897032160537436
2012-06-14,55.17341613769531,0.003695098809518511
2012-06-15,55.85890579223633,0.012347726357736821
2012-06-18,56.38211441040039,0.009323015897903787
2012-06-19,56.96738815307617,0.010326978608271123
2012-06-20,57.01173400878906,0.0007781400156344017
2012-06-21,55.592872619628906,-0.025202103706630712
2012-06-22,56.17814636230469,0.010472823767750689
2012-06-25,55.09627151489258,-0.01944578024975735
2012-06-26,55.442115783691406,0.006257471376929903
2012-06-27,55.77909851074219,0.0060597029146829415
2012-06-28,55.15835189819336,-0.011191046643816016
2012-06-29,56.89645767211914,0.031024909960499697
2012-07-02,57.06492614746094,0.0029565909506640837
2012-07-03,57.54379653930664,0.00835666199560571
2012-07-05,57.57928466796875,0.0006165250167741265
2012-07-06,56.86098098754883,-0.012553503077435458
2012-07-09,56.75456619262695,-0.001873244088169712
2012-07-10,56.195884704589844,-0.009892586347222287
2012-07-11,55.885501861572266,-0.005538540268881704
2012-07-12,55.362300872802734,-0.009406115598181204
2012-07-13,56.204742431640625,0.015102265789619394
2012-07-16,56.045143127441406,-0.002843644979268062
2012-07-17,56.337764739990234,0.005207593919798067
2012-07-18,57.10041427612305,0.01344628472464664
2012-07-19,57.73004150390625,0.01096631609466988
2012-07-20,56.96738815307617,-0.013298721567912732
2012-07-23,56.27569580078125,-0.01221621542322837
2012-07-24,55.8322868347168,-0.007910431850231747
2012-07-25,55.45984649658203,-0.006693046800926782
2012-07-26,56.195884704589844,0.013184255959896708
2012-07-27,57.52608871459961,0.023395033359096505
2012-07-30,57.481719970703125,-0.0007715779755281202
2012-07-31,57.4640007019043,-0.00030830671790992075
2012-08-01,57.295509338378906,-0.00293642739561675
2012-08-02,57.09153747558594,-0.003566349244337677
2012-08-03,58.173439025878906,0.01877297609400911
2012-08-06,58.616798400878906,0.007592441193034292
2012-08-07,59.10456085205078,0.008286775577704934
2012-08-08,59.07796096801758,-0.000450149211113822
2012-08-09,59.255306243896484,0.002997388863417552
2012-08-10,59.29079055786133,0.0005986585131345565
2012-08-13,59.43269729614258,0.002390543074934574
2012-08-14,59.45926284790039,0.00044688559542180214
2012-08-15,59.610023498535156,0.002532319388572048
2012-08-16,60.3194580078125,0.011830998941369906
2012-08-17,60.585479736328125,0.004400517675484225
2012-08-20,60.674171447753906,0.0014628398873932553
2012-08-21,60.43477249145508,-0.003953453152591327
2012-08-22,60.68304443359375,0.004099682378290188
2012-08-23,60.18642044067383,-0.008217572372354738
2012-08-24,60.55889892578125,0.006169674627393834
2012-08-27,60.65642547607422,0.0016091459032662372
2012-08-28,60.65642547607422,0.0
2012-08-29,60.65642547607422,0.0
2012-08-30,60.04452896118164,-0.010139137006115394
2012-08-31,60.443626403808594,0.006624699349145393
2012-09-04,60.38154602050781,-0.001027606872278515
2012-09-05,60.3194580078125,-0.0010287904176332755
2012-09-06,61.658504486083984,0.021956429587064685
2012-09-07,61.56982421875,-0.0014392840278652816
2012-09-10,60.78059387207031,-0.012901325649166736
2012-09-11,60.68304443359375,-0.0016062331214561837
2012-09-12,60.86039352416992,0.0029182853376630243
2012-09-13,61.685096740722656,0.013459747320472459
2012-09-14,62.23490524291992,0.00887366205838642
2012-09-17,62.261512756347656,0.00042744223906924687
2012-09-18,62.314720153808594,0.0008542143144540599
2012-09-19,62.43001174926758,0.0018484408363679222
2012-09-20,62.367950439453125,-0.0009945885949092187
2012-09-21,62.38571548461914,0.00028480197603019183
2012-09-24,62.02107620239258,-0.00586206462654672
2012-09-25,61.14957046508789,-0.014151428201871518
2012-09-26,60.65155792236328,-0.008177515669401097
2012-09-27,61.48750305175781,0.0136886295976221
2012-09-28,60.980621337890625,-0.008277821037640697
2012-10-01,60.89167785644531,-0.0014596179414740702
2012-10-02,61.06953811645508,0.0029166712496034868
2012-10-03,61.46083450317383,0.006386950574556646
2012-10-04,61.67427062988281,0.00346670172141338
2012-10-05,61.34522247314453,-0.005349541493821933
2012-10-08,60.78495407104492,-0.00917500241564736
2012-10-09,59.81559753417969,-0.016075837133058064
2012-10-10,59.51322555541992,-0.005067889183767296
2012-10-11,59.32646560668945,-0.003143059371015069
2012-10-12,59.29978942871094,-0.00044975167462245027
2012-10-15,59.73557662963867,0.007322011303075512
2012-10-16,60.58039855957031,0.014043618288130737
2012-10-17,60.544830322265625,-0.0005872969430955914
2012-10-18,59.84227752685547,-0.0116716944793214
2012-10-19,58.41046905517578,-0.02421725480532289
2012-10-22,58.71282958984375,0.005163126548798405
2012-10-23,58.152587890625,-0.009587883277919112
2012-10-24,57.94802474975586,-0.003523897900332972
2012-10-25,57.94802474975586,0.0
2012-10-26,58.11699676513672,0.0029116805830471577
2012-10-31,57.76128005981445,-0.006139508325816926
2012-11-01,58.57945251464844,0.014065339373339722
2012-11-02,57.95689392089844,-0.010684469442859543
2012-11-05,58.33934020996094,0.006577129011869027
2012-11-06,58.44603729248047,0.0018272341022118844
2012-11-07,57.067596435546875,-0.02386742149817042
2012-11-08,56.169376373291016,-0.01586476359032781
2012-11-09,56.40950393676758,0.004265949829579355
2012-11-12,56.40060043334961,-0.000157849396313741
2012-11-13,56.009315490722656,-0.006961779479255543
2012-11-14,55.35121536254883,-0.011819408266261475
2012-11-15,55.16446304321289,-0.003379656168032526
2012-11-16,55.40456771850586,0.004343079631793855
2012-11-19,56.72075653076172,0.023478179977408614
2012-11-20,56.738548278808594,0.0003136234304020845
2012-11-21,56.85415267944336,0.0020354202263232844
2012-11-23,57.71680450439453,0.015059106575311045
2012-11-26,57.9658203125,0.0043051615246982
2012-11-27,57.77016067504883,-0.0033811408030912714
2012-11-28,58.26818084716797,0.008583770217191693
2012-11-29,58.615013122558594,0.005934699105698211
2012-11-30,58.51720428466797,-0.0016700590629778922
2012-12-03,58.40157699584961,-0.001977908514742514
2012-12-04,58.366004943847656,-0.0006092796050320115
2012-12-05,57.71680450439453,-0.011185242861744283
2012-12-06,58.0903205871582,0.006450680433941973
2012-12-07,57.743492126464844,-0.005988398189320492
2012-12-10,57.912452697753906,0.0029217813532107116
2012-12-11,58.66837692260742,0.01296842408078482
2012-12-12,58.54385757446289,-0.0021246825559072314
2012-12-13,58.081424713134766,-0.007930275078612306
2012-12-14,57.530033111572266,-0.009538773972329223
2012-12-17,58.294837951660156,0.013206420154947754
2012-12-18,59.184181213378906,0.015140750366621228
2012-12-19,58.9262809753418,-0.004367109282947029
2012-12-20,58.9262809753418,0.0
2012-12-21,58.306541442871094,-0.010572897467929405
2012-12-24,58.19028854370117,-0.001995812895032488
2012-12-26,57.6805534362793,-0.00879838943074727
2012-12-27,57.59113693237305,-0.0015514047127212919
2012-12-28,57.03667449951172,-0.009674209954616736
2012-12-31,58.243953704833984,0.020945814793917474
2013-01-02,60.095096588134766,0.0312879626612115
2013-01-03,59.782100677490234,-0.0052219542838116565
2013-01-04,59.585357666015625,-0.00329642923394594
2013-01-07,59.60325241088867,0.0003002760917499584
2013-01-08,59.48697280883789,-0.0019527990443915643
2013-01-09,59.71052169799805,0.003750903526665684
2013-01-10,60.06827926635742,0.005973655260308984
2013-01-11,60.14873504638672,0.0013385092368386933
2013-01-14,59.88047409057617,-0.004469935349919415
2013-01-15,59.585357666015625,-0.0049406097212523654
2013-01-16,59.82680892944336,0.004044003209533726
2013-01-17,60.112979888916016,0.004771919399394768
2013-01-18,59.978843688964844,-0.002233894893696618
2013-01-22,60.077213287353516,0.0016387281554948543
2013-01-23,60.44385528564453,0.006084299345869847
2013-01-24,59.612186431884766,-0.0138548988559898
2013-01-25,59.91624069213867,0.0050875749543403065
2013-01-28,60.05036926269531,0.0022360993028911085
2013-01-29,60.059322357177734,0.00014908196629697212
2013-01-30,59.93414306640625,-0.002086435886164595
2013-01-31,59.79997253417969,-0.002241142179268774
2013-02-01,60.50644302368164,0.011744653963845818
2013-02-04,59.45119094848633,-0.01759419991432338
2013-02-05,60.32759094238281,0.014633904606116292
2013-02-06,60.13084030151367,-0.003266700617023779
2013-02-07,60.18452072143555,0.0008923286773590933
2013-02-08,60.80155944824219,0.010200249085168062
2013-02-11,60.8194694519043,0.00029452149769728145
2013-02-12,60.56904983520508,-0.004125925143765959
2013-02-13,60.783668518066406,0.003537109172896921
2013-02-14,60.765785217285156,-0.00029425555378017536
2013-02-15,60.58694839477539,-0.002947390580356712
2013-02-19,61.025150299072266,0.007206582330158778
2013-02-20,60.08613967895508,-0.015506885224209802
2013-02-21,59.4422721862793,-0.010773567730243409
2013-02-22,60.041439056396484,0.010029348541072234
2013-02-25,59.29917907714844,-0.01243951242025676
2013-02-26,59.522762298583984,0.0037633366821880985
2013-02-27,60.13084030151367,0.010164060666072271
2013-02-28,60.00563430786133,-0.0020843967561296308
2013-03-01,60.25607681274414,0.0041649643029865804
2013-03-04,60.52433395385742,0.004442071036429427
2013-03-05,61.418609619140625,0.014667379207020098
2013-03-06,61.26656723022461,-0.0024785792490680143
2013-03-07,61.42755889892578,0.002624278214024636
2013-03-08,61.499114990234375,0.001164207850531386
2013-03-11,61.67792892456055,0.002903366638019714
2013-03-12,61.454368591308594,-0.00363122565588285
2013-03-13,61.373897552490234,-0.0013103018198999665
2013-03-14,61.579586029052734,0.003345796515073073
2013-03-15,61.40837860107422,-0.0027841348392897607
2013-03-18,61.27392578125,-0.002191886993502905
2013-03-19,61.15738296508789,-0.001903807981081215
2013-03-20,61.58765411376953,0.007010840051969235
2013-03-21,60.88849639892578,-0.011417166633664703
2013-03-22,61.48008728027344,0.009669074734524424
2013-03-25,61.25602722167969,-0.0036510901197231473
2013-03-26,61.58765411376953,0.005399182018863511
2013-03-27,61.6683235168457,0.0013089736683807448
2013-03-28,61.82069396972656,0.002467758401645379
2013-04-01,61.3994255065918,-0.0068376837525101885
2013-04-02,61.883453369140625,0.007852353125343032
2013-04-03,61.318748474121094,-0.009167187619314352
2013-04-04,61.33665466308594,0.0002919755450482128
2013-04-05,60.82574462890625,-0.00836448884340448
2013-04-08,61.14846420288086,0.005291615827799638
2013-04-09,61.56075668334961,0.006719854122805274
2013-04-10,62.761863708496094,0.01932302252788868
2013-04-11,62.734989166259766,-0.0004282903042031886
2013-04-12,62.690155029296875,-0.0007149146873223298
2013-04-15,61.453224182128906,-0.019928115215276872
2013-04-16,62.26887512207031,0.013185401178348996
2013-04-17,61.04985046386719,-0.01977095304746164
2013-04-18,60.207279205322266,-0.0138974891125774
2013-04-19,61.031898498535156,0.013603391663712255
2013-04-22,61.65937423706055,0.010228620101690523
2013-04-23,62.25093460083008,0.009548275097831876
2013-04-24,62.22406768798828,-0.0004316836756778463
2013-04-25,62.55571746826172,0.005315773878318242
2013-04-26,62.35848617553711,-0.0031578707764672886
2013-04-29,62.93214416503906,0.00915730085588358
2013-04-30,63.38933563232422,0.007238570420509825
2013-05-01,63.0934944152832,-0.00467797496990965
2013-05-02,63.89122772216797,0.012564405983595567
2013-05-03,64.64414978027344,0.011715539869334542
2013-05-06,64.89515686035156,0.003875385791937749
2013-05-07,64.8592529296875,-0.0005534136626032318
2013-05-08,65.17303466796875,0.00482622205822036
2013-05-09,65.08336639404297,-0.0013767966465994643
2013-05-10,65.47779846191406,0.00604212237650399
2013-05-13,65.5584487915039,0.0012309622942388032
2013-05-14,65.8990707397461,0.005182247645620815
2013-05-15,66.03350830078125,0.002037974373627076
2013-05-16,65.9617691040039,-0.0010869965236867333
2013-05-17,66.59819030761719,0.009602086425949771
2013-05-20,66.49957275390625,-0.0014818817309820932
2013-05-21,66.5712890625,0.0010778665525741035
2013-05-22,65.98868560791016,-0.008790092293041613
2013-05-23,65.83631134033203,-0.0023117669480951287
2013-05-24,65.80046844482422,-0.000544572671135056
2013-05-28,66.23072052001953,0.006517453967652649
2013-05-29,65.91694641113281,-0.004748849614196145
2013-05-30,66.26657104492188,0.005290000687607455
2013-05-31,65.65702819824219,-0.009240911979388117
2013-06-03,65.7735595703125,0.0017732767475969143
2013-06-04,65.43295288085938,-0.005191929092686158
2013-06-05,64.58142852783203,-0.013099112876972878
2013-06-06,64.89515686035156,0.004846110909794628
2013-06-07,65.78251647949219,0.013581099748722902
2013-06-10,65.80941772460938,0.00040885857715573516
2013-06-11,65.15507507324219,-0.009992755781921549
2013-06-12,64.4021224975586,-0.011623608217720023
2013-06-13,65.21782684326172,0.012586258798370744
2013-06-14,64.78759002685547,-0.006618776315963914
2013-06-17,65.41503143310547,0.009637997394802719
2013-06-18,65.95281982421875,0.008187564769274116
2013-06-19,65.21782684326172,-0.011206785848112974
2013-06-20,63.66716384887695,-0.024063900909505446
2013-06-21,63.32905197143555,-0.005324767736347851
2013-06-24,62.699642181396484,-0.00998843996953605
2013-06-25,63.15823745727539,0.007287542214979364
2013-06-26,63.7247314453125,0.008929452976304347
2013-06-27,63.994422912597656,0.004223201593833291
2013-06-28,64.08438873291016,0.00140485118425252
2013-07-01,64.48002624511719,0.006154716469362752
2013-07-02,64.50700378417969,0.0004182984824092982
2013-07-03,64.76773834228516,0.004033810586112466
2013-07-05,65.26233673095703,0.007607482711181209
2013-07-08,65.32524108886719,0.000963405001084116
2013-07-09,65.72089385986328,0.006038392102857623
2013-07-10,66.09854125976562,0.005729783817578832
2013-07-11,67.41133880615234,0.019666557387443523
2013-07-12,67.70808410644531,0.004392348205485949
2013-07-15,67.86092376708984,0.0022547885803086867
2013-07-16,67.77101135253906,-0.001325829755983775
2013-07-17,67.94183349609375,0.0025174070141752544
2013-07-18,67.77101135253906,-0.002517407014175348
2013-07-19,67.06965637207031,-0.01040281566773913
2013-07-22,67.2674331665039,0.00294448745326764
2013-07-23,66.7729263305664,-0.007378510193541771
2013-07-24,66.98873138427734,0.0032267130153546043
2013-07-25,67.41133880615234,0.006288818362847972
2013-07-26,67.77101135253906,0.005321307029810677
2013-07-29,67.6451187133789,-0.0018593453433970975
2013-07-30,68.0047836303711,0.005302853206671863
2013-07-31,68.13067626953125,0.0018495206926946333
2013-08-01,68.82302856445312,0.010110835540487674
2013-08-02,69.20970916748047,0.0056027522296429304
2013-08-05,69.2546615600586,0.0006492990784736958
2013-08-06,68.84103393554688,-0.005990467117305416
2013-08-07,68.71513366699219,-0.0018305293889026926
2013-08-08,69.05683135986328,0.0049603472437678466
2013-08-09,68.778076171875,-0.004044774622349125
2013-08-12,68.93995666503906,0.0023508986352062415
2013-08-13,69.32657623291016,0.005592395605660886
2013-08-14,69.06584930419922,-0.0037679408561396752
2013-08-15,67.89689636230469,-0.017070062678424026
2013-08-16,67.8698959350586,-0.0003977471537063527
2013-08-19,67.75304412841797,-0.0017231868812259937
2013-08-20,68.04974365234375,0.004369571506619145
2013-08-21,67.81597900390625,-0.0034411163395736974
2013-08-22,68.48137664794922,0.009763988849024385
2013-08-23,68.93995666503906,0.006674097947765085
2013-08-26,68.97591400146484,0.000521438715743697
2013-08-27,67.56416320800781,-0.0206796587935131
2013-08-28,67.82495880126953,0.0038525386966559226
2013-08-29,68.30154418945312,0.007002124126448988
2013-08-30,67.86092376708984,-0.006472003144342259
2013-09-03,68.24756622314453,0.0056814015950963515
2013-09-04,68.97591400146484,0.010615597519654218
2013-09-05,69.09281158447266,0.0016933249791929305
2013-09-06,69.17371368408203,0.0011702342079521638
2013-09-09,69.98298645019531,0.011631231394353611
2013-09-10,70.32467651367188,0.004870592692400005
2013-09-11,70.1897964477539,-0.0019198037682806334
2013-09-12,70.14485168457031,-0.0006405369638709122
2013-09-13,70.1897964477539,0.0006405369638707921
2013-09-16,70.0009536743164,-0.002694084845011882
2013-09-17,70.46852111816406,0.00665723526584082
2013-09-18,71.31378173828125,0.011923499862516021
2013-09-19,71.48463439941406,0.002392922096479468
2013-09-20,71.23929595947266,-0.0034379473851683185
2013-09-23,71.09498596191406,-0.002027762322029453
2013-09-24,71.09498596191406,0.0
2013-09-25,70.85150146484375,-0.0034306553165164696
2013-09-26,71.401611328125,0.007734278635209666
2013-09-27,71.3114242553711,-0.00126389414100523
2013-09-30,71.14009857177734,-0.002405390448619886
2013-10-01,71.8615951538086,0.010090827393867706
2013-10-02,71.83453369140625,-0.00037664845865706035
2013-10-03,70.99578857421875,-0.011744771631291107
2013-10-04,71.60908508300781,0.008601393125372631
2013-10-07,71.01383972167969,-0.008347168848120864
2013-10-08,69.64295959472656,-0.01949317121796575
2013-10-09,69.42652130126953,-0.003112666658606851
2013-10-10,70.89659881591797,0.02095351499400135
2013-10-11,71.45574188232422,0.00785580257020311
2013-10-14,71.96078491210938,0.007043053248836394
2013-10-15,71.68122863769531,-0.00389240752708228
2013-10-16,72.49291229248047,0.01125988648601147
2013-10-17,72.90779113769531,0.005706712022131831
2013-10-18,74.08924865722656,0.016074921809240316
2013-10-21,74.25155639648438,0.002188309601923564
2013-10-22,74.35979461669922,0.001456661804307673
2013-10-23,73.90882873535156,-0.006083111339256579
2013-10-24,74.23352813720703,0.004383620305029269
2013-10-25,74.7656478881836,0.007142616857769187
2013-10-28,74.78368377685547,0.0002412032010910911
2013-10-29,74.90991973876953,0.0016865916628832276
2013-10-30,74.83777618408203,-0.0009635348286916719
2013-10-31,74.66643524169922,-0.0022921229544651534
2013-11-01,74.68445587158203,0.00024131934983372233
2013-11-04,74.7927017211914,0.001448326557373997
2013-11-05,74.87385559082031,0.0010844624081678272
2013-11-06,74.85585021972656,-0.0002405049964276119
2013-11-07,73.44891357421875,-0.018974155914352885
2013-11-08,74.44097137451172,0.01341636963710467
2013-11-11,74.32373809814453,-0.0015760902037940672
2013-11-12,74.44097137451172,0.001576090203794046
2013-11-13,75.34283447265625,0.012042343187699032
2013-11-14,75.57733917236328,0.0031076678852485903
2013-11-15,75.72164916992188,0.0019076140944713491
2013-11-18,74.98209381103516,-0.009814770104728488
2013-11-19,74.7656478881836,-0.002890809185207415
2013-11-20,74.58527374267578,-0.0024154418497787217
2013-11-21,75.34283447265625,0.010105739159994933
2013-11-22,75.74870300292969,0.00537249819936143
2013-11-25,75.9290542602539,0.0023780855620930638
2013-11-26,76.32588958740234,0.005212786077412613
2013-11-27,76.85797882080078,0.006947094089022237
2013-11-29,77.31796264648438,0.005967016463482096
2013-12-02,77.09246063232422,-0.0029208154435165314
2013-12-03,77.02938079833984,-0.000818571033425094
2013-12-04,77.10149383544922,0.0009357377948136347
2013-12-05,77.00228118896484,-0.0012876084336805242
2013-12-06,77.56144714355469,0.007235441329692842
2013-12-09,77.87713623046875,0.004061919687025803
2013-12-10,77.82300567626953,-0.000695318009568759
2013-12-11,76.8219223022461,-0.012947044187396131
2013-12-12,76.62351989746094,-0.002585968178715784
2013-12-13,76.52433013916016,-0.0012953465836635942
2013-12-16,76.94821166992188,0.005523888554936616
2013-12-17,76.79486846923828,-0.0019947987433798693
2013-12-18,77.68773651123047,0.011559592544151944
2013-12-19,77.47127532958984,-0.002790186912178208
2013-12-20,78.26020812988281,0.010132049499206519
2013-12-23,79.08352661132812,0.010465316552129176
2013-12-24,79.11972045898438,0.00045756138332152415
2013-12-26,79.38207244873047,0.0033104007787011364
2013-12-27,79.18304443359375,-0.002510364493422916
2013-12-30,79.06543731689453,-0.0014863604004338
2013-12-31,79.5811538696289,0.006501474320397768
2014-01-02,78.95687103271484,-0.007875537291570549
2014-01-03,78.38687896728516,-0.007245213855856142
2014-01-06,78.09734344482422,-0.003700511762796216
2014-01-07,78.82112884521484,0.00922505200007174
2014-01-08,78.99307250976562,0.0021790653960357524
2014-01-09,78.73065948486328,-0.003327505172618408
2014-01-10,78.9840087890625,0.0032127578860051804
2014-01-13,77.81687927246094,-0.014887046703530237
2014-01-14,79.30065155029297,0.018887979995977806
2014-01-15,79.95208740234375,0.008181202908377063
2014-01-16,79.96114349365234,0.00011326256454867291
2014-01-17,79.50877380371094,-0.005673432469364588
2014-01-21,80.11495971679688,0.007595221760833857
2014-01-22,80.32302856445312,0.0025937618208203986
2014-01-23,80.05158233642578,-0.0033851553648957303
2014-01-24,78.4773178100586,-0.019861568157511594
2014-01-27,77.71736907958984,-0.009730865270832553
2014-01-28,77.67212677001953,-0.0005823084836122005
2014-01-29,76.83977508544922,-0.01077405334074861
2014-01-30,78.26020812988281,0.018316865399973715
2014-01-31,78.05211639404297,-0.002662513776868811
2014-02-03,76.26071166992188,-0.02321887593079319
2014-02-04,76.82167053222656,0.0073288822019713165
2014-02-05,76.62260437011719,-0.0025946393101301643
2014-02-06,77.59974670410156,0.012672033631592802
2014-02-07,78.9840087890625,0.01768124852419182
2014-02-10,79.43637084960938,0.005710922938662451
2014-02-11,80.34112548828125,0.011325303373702009
2014-02-12,80.49491119384766,0.0019123295451080108
2014-02-13,81.09207916259766,0.0073913213696052355
2014-02-14,81.25489044189453,0.002005720639872079
2014-02-18,81.65299987792969,0.004887549986207031
2014-02-19,81.09207916259766,-0.006893270626078982
2014-02-20,81.47207641601562,0.004675052063850113
2014-02-21,81.36348724365234,-0.0013337281613377049
2014-02-24,81.79774475097656,0.005323060231948879
2014-02-25,81.70729064941406,-0.0011064382276529307
2014-02-26,81.63491821289062,-0.0008861450051815235
2014-02-27,82.16455078125,0.006466863627755651
2014-02-28,82.07368469238281,-0.0011065157620129909
2014-03-03,81.4649887084961,-0.007444096030757567
2014-03-04,82.50069427490234,0.012633367209262787
2014-03-05,82.72782135009766,0.0027492496364253326
2014-03-06,82.6551284790039,-0.000879085490375352
2014-03-07,82.24632263183594,-0.004958193901994032
2014-03-10,82.31903076171875,0.0008836384222370683
2014-03-11,81.96471405029297,-0.004313479233166475
2014-03-12,82.27357482910156,0.003761134446963348
2014-03-13,81.11067962646484,-0.01423533552033042
2014-03-14,80.55651092529297,-0.006855699907960335
2014-03-17,81.26515197753906,0.008758352490534456
2014-03-18,82.24632263183594,0.01200138930172224
2014-03-19,81.80116271972656,-0.005427221317376056
2014-03-20,82.02828216552734,0.002772634570766924
2014-03-21,81.04121398925781,-0.012106252303697905
2014-03-24,80.3309326171875,-0.008803080009690118
2014-03-25,80.59506225585938,0.003282625359072141
2014-03-26,79.55699157714844,-0.012963745289452697
2014-03-27,79.11077117919922,-0.005624602837885456
2014-03-28,79.26558685302734,0.001955035777594319
2014-03-31,79.83013916015625,0.007097043910480275
2014-04-01,81.23243713378906,0.017413522628442944
2014-04-02,81.44188690185547,0.002575082270018166
2014-04-03,80.79537963867188,-0.007969940558562828
2014-04-04,78.64641571044922,-0.026957725394519422
2014-04-07,77.89974212646484,-0.009539413251566957
2014-04-08,78.61906433105469,0.009191576209857928
2014-04-09,79.96673583984375,0.016996527436181432
2014-04-10,77.48995971679688,-0.0314623702769257
2014-04-11,76.58847045898438,-0.011701826708783064
2014-04-14,77.18944549560547,0.007816182089429996
2014-04-15,77.44445037841797,0.0032981787406012966
2014-04-16,78.473388671875,0.013198659458477929
2014-04-17,78.49161529541016,0.00023223805506203618
2014-04-21,79.07434844970703,0.0073967219479875385
2014-04-22,79.70269775390625,0.007914904572195961
2014-04-23,79.00154113769531,-0.0088360737315177
2014-04-24,79.75730895996094,0.009521025517425962
2014-04-25,78.48249816894531,-0.01611273919751365
2014-04-28,78.73744201660156,0.0032431518650158594
2014-04-29,79.36576843261719,0.007948348704228772
2014-04-30,79.57520294189453,0.002635376249182262
2014-05-01,79.81193542480469,0.0029705365114780675
2014-05-02,79.66624450683594,-0.0018270958266634815
2014-05-05,80.08509826660156,0.005243833476320246
2014-05-06,79.04705047607422,-0.013046546819565137
2014-05-07,78.81942749023438,-0.0028837425970899833
2014-05-08,78.74656677246094,-0.0009248280164456401
2014-05-09,79.03794860839844,0.0036934190464855926
2014-05-12,80.34009552001953,0.01634071861595499
2014-05-13,80.39470672607422,0.0006795193995690406
2014-05-14,79.97583770751953,-0.005223776879181599
2014-05-15,79.34752655029297,-0.007887285300327621
2014-05-16,79.86654663085938,0.006519799521835434
2014-05-19,80.42202758789062,0.006931039014852049
2014-05-20,80.13067626953125,-0.0036293582253279673
2014-05-21,80.89551544189453,0.009499633767775517
2014-05-22,81.25067138671875,0.004380695220017759
2014-05-23,81.84251403808594,0.007257755715137575
2014-05-27,82.86238098144531,0.012384331116514685
2014-05-28,82.60739135742188,-0.003082010958984298
2014-05-29,83.13555908203125,0.006373357190052522
2014-05-30,83.14463806152344,0.00010920097109786174
2014-06-02,83.06270599365234,-0.0009859019765144873
2014-06-03,83.02627563476562,-0.00043868484367563673
2014-06-04,83.33586883544922,0.003721923146176626
2014-06-05,84.03702545166016,0.008378426158469598
2014-06-06,84.5196304321289,0.005726339273811063
2014-06-09,84.45586395263672,-0.0007547423696120275
2014-06-10,84.6015853881836,0.0017239284303004795
2014-06-11,84.58332061767578,-0.00021591489465541756
2014-06-12,83.8184814453125,-0.009083565875989293
2014-06-13,84.06431579589844,0.002928644629883991
2014-06-16,84.13717651367188,0.0008663504863150417
2014-06-17,84.18269348144531,0.0005408389263163169
2014-06-18,84.65620422363281,0.005609039031436135
2014-06-19,84.6015853881836,-0.0006453923033067278
2014-06-20,84.70108032226562,0.001175350017301014
2014-06-23,84.71935272216797,0.0002157047959900306
2014-06-24,84.63717651367188,-0.000970452279769688
2014-06-25,85.17584228515625,0.006344243592658099
2014-06-26,85.2215347290039,0.0005363045575407048
2014-06-27,85.59585571289062,0.0043827104732838355
2014-06-30,85.7419662475586,0.0017055261752903898
2014-07-01,86.68235778808594,0.010907983778653643
2014-07-02,86.82840728759766,0.0016834636622188666
2014-07-03,87.37621307373047,0.0062892429681934165
2014-07-07,87.11148071289062,-0.0030343981082364656
2014-07-08,86.06149291992188,-0.012126611191653409
2014-07-09,86.70060729980469,0.007398813682216497
2014-07-10,86.42668914794922,-0.0031643580884273457
2014-07-11,86.98363494873047,0.006423466638325523
2014-07-14,87.50405883789062,0.005965182083268716
2014-07-15,87.20277404785156,-0.003449036122198387
2014-07-16,87.54969787597656,0.003970464967562728
2014-07-17,86.39018249511719,-0.013332567026789179
2014-07-18,87.75971984863281,0.015728582892431776
2014-07-21,87.650146484375,-0.0012493411094917646
2014-07-22,88.20706939697266,0.006333829085864937
2014-07-23,88.77316284179688,0.006397272376477697
2014-07-24,88.67274475097656,-0.0011318164831444703
2014-07-25,88.32575988769531,-0.003920771065156491
2014-07-28,88.35314178466797,0.0003099622754351987
2014-07-29,88.19794464111328,-0.0017580994450011945
2014-07-30,88.54491424560547,0.0039262695240543
2014-07-31,86.75537109375,-0.02041759734083591
2014-08-01,86.43585968017578,-0.0036896992374137578
2014-08-04,87.02928161621094,0.0068420000304968975
2014-08-05,86.36278533935547,-0.007687774546473069
2014-08-06,86.29888153076172,-0.0007402200230083342
2014-08-07,86.02498626708984,-0.003178845714363184
2014-08-08,86.64582824707031,0.0071910780883216695
2014-08-11,87.15711975097656,0.005883593859933095
2014-08-12,87.12057495117188,-0.00041938585890504955
2014-08-13,88.04273223876953,0.010529212103872566
2014-08-14,88.49923706054688,0.005171640953785219
2014-08-15,88.92837524414062,0.004837341999187513
2014-08-18,89.61312866210938,0.007670561302734637
2014-08-19,90.1153335571289,0.005588499404729332
2014-08-20,90.1153335571289,0.0
2014-08-21,90.29789733886719,0.002023840969375315
2014-08-22,90.43487548828125,0.0015158089315953963
2014-08-25,90.75444793701172,0.003527501224311632
2014-08-26,90.84571838378906,0.0010051802959363924
2014-08-27,90.86398315429688,0.0002010324205556761
2014-08-28,90.7635498046875,-0.0011059265983478894
2014-08-29,91.10135650634766,0.003714923313225437
2014-09-02,91.36618041992188,0.0029026982440624686
2014-09-03,90.82745361328125,-0.005913800222211925
2014-09-04,90.74531555175781,-0.0009047399288343247
2014-09-05,91.20178985595703,0.0050176699530063845
2014-09-08,91.37529754638672,0.0019006518849766733
2014-09-09,90.61750793457031,-0.008327735695658955
2014-09-10,91.36618041992188,0.008227954008722033
2014-09-11,91.29312133789062,-0.0007999492522325343
2014-09-12,90.82745361328125,-0.005113850969979413
2014-09-15,89.95097351074219,-0.009696809340431368
2014-09-16,90.73614501953125,0.008691006391655525
2014-09-17,90.87311553955078,0.0015084092690935264
2014-09-18,91.55789184570312,0.00750727118245962
2014-09-19,91.50115203857422,-0.0006199071921493925
2014-09-22,90.65000915527344,-0.009345524591024501
2014-09-23,90.40291595458984,-0.0027295151839446764
2014-09-24,91.37299346923828,0.010673435519095562
2014-09-25,89.45110321044922,-0.021257815389351946
2014-09-26,90.40291595458984,0.010584379870256457
2014-09-29,90.28392791748047,-0.0013170638410609158
2014-09-30,90.41206359863281,0.0014182462107227662
2014-10-01,88.96605682373047,-0.016122792398682063
2014-10-02,88.96605682373047,0.0
2014-10-03,89.84466552734375,0.009827327613459762
2014-10-06,89.65245056152344,-0.002141706156413095
2014-10-07,88.38032531738281,-0.014291153851290204
2014-10-08,90.10089111328125,0.019280674245383746
2014-10-09,88.64573669433594,-0.016282114905540067
2014-10-10,86.43096923828125,-0.025301888085803838
2014-10-13,85.07646179199219,-0.015795649212263098
2014-10-14,85.08563232421875,0.00010778584129525641
2014-10-15,84.53651428222656,-0.00647462576396825
2014-10-16,84.00570678710938,-0.006298828231181588
2014-10-17,85.11307525634766,0.013095935085128007
2014-10-20,86.38519287109375,0.0148356127536564
2014-10-21,88.65489196777344,0.025934931623102255
2014-10-22,88.19727325439453,-0.005175166887504145
2014-10-23,89.5242919921875,0.014933960308687579
2014-10-24,90.2564697265625,0.00814527400404953
2014-10-27,90.32054138183594,0.0007096325004930151
2014-10-28,91.68416595458984,0.014984778236893818
2014-10-29,91.34552764892578,-0.0037003688899184366
2014-10-30,91.53775024414062,0.002102134959684515
2014-10-31,92.80072784423828,0.013703024738830017
2014-11-03,93.07524871826172,0.0029538090795761048
2014-11-04,92.76409149169922,-0.0033486722130750602
2014-11-05,92.77326202392578,9.885375704968065e-05
2014-11-06,93.0661392211914,0.0031519412759053373
2014-11-07,92.98375701904297,-0.0008855926200168807
2014-11-10,93.31324005126953,0.0035371839690370548
2014-11-11,93.60608673095703,0.003133404387139442
2014-11-12,93.77080535888672,0.0017581535110626396
2014-11-13,94.17350006103516,0.004285262248174471
2014-11-14,94.46638488769531,0.003105229438447253
2014-11-17,94.18265533447266,-0.0030080170757773965
2014-11-18,94.88738250732422,0.0074547024427457104
2014-11-19,94.45719909667969,-0.004543928822011209
2014-11-20,94.87820434570312,0.004447197251440925
2014-11-21,95.06124877929688,0.0019273983076988084
2014-11-24,95.80255889892578,0.0077679876169096445
2014-11-25,95.94896697998047,0.0015270606983130242
2014-11-26,96.57127380371094,0.006464868198935134
2014-11-28,97.019775390625,0.0046335033690889415
2014-12-01,95.92153930664062,-0.011384269323312185
2014-12-02,96.30590057373047,0.003999031351220335
2014-12-03,96.47979736328125,0.0018040429199356776
2014-12-04,96.43402862548828,-0.00047449930990811124
2014-12-05,96.44318389892578,9.493369719064499e-05
2014-12-08,95.75679016113281,-0.007142525998948852
2014-12-09,96.05880737304688,0.0031490396544883144
2014-12-10,94.54873657226562,-0.015845148242169472
2014-12-11,94.99720001220703,0.00473198513081464
2014-12-12,93.96302032470703,-0.010946113543852616
2014-12-15,92.99292755126953,-0.010377861640957812
2014-12-16,91.50115203857422,-0.016171879637935715
2014-12-17,93.16679382324219,0.018039805967462602
2014-12-18,95.40898895263672,0.023781429082455112
2014-12-19,95.8288345336914,0.0043908286334848985
2014-12-22,96.06767272949219,0.0024892409198433866
2014-12-23,95.72776794433594,-0.003544454861059483
2014-12-24,95.81047058105469,0.0008635627276832602
2014-12-26,96.490234375,0.007069829779934861
2014-12-29,96.47185516357422,-0.00019049556858871306
2014-12-30,95.8288345336914,-0.006687682997813022
2014-12-31,94.84589385986328,-0.010310221908960861
2015-01-02,94.5611572265625,-0.0030066129657001913
2015-01-05,93.1740493774414,-0.01477754883278714
2015-01-06,91.92477416992188,-0.013498672256850317
2015-01-07,93.10973358154297,0.012808158059292623
2015-01-08,94.89185333251953,0.01895912860745424
2015-01-09,94.2671890258789,-0.006604670541704934
2015-01-12,93.28430938720703,-0.010481266691924375
2015-01-13,93.25674438476562,-0.00029553818941897733
2015-01-14,92.74234008789062,-0.005531270326919199
2015-01-15,91.5389404296875,-0.013060651208433634
2015-01-16,92.61371612548828,0.0116727927734222
2015-01-20,93.3486099243164,0.007903725879332418
2015-01-21,93.8262939453125,0.005104157108552201
2015-01-22,95.56242370605469,0.01833454934549238
2015-01-23,95.77373504638672,0.002208797622171812
2015-01-26,95.6634750366211,-0.0011519183956970485
2015-01-27,93.1832504272461,-0.02626857545369625
2015-01-28,92.70555114746094,-0.005139635387472876
2015-01-29,93.59660339355469,0.009565740587423354
2015-01-30,92.87091064453125,-0.00778362297145092
2015-02-02,93.67928314208984,0.008666595738915326
2015-02-03,94.57952117919922,0.009563907539766147
2015-02-04,94.49684143066406,-0.0008745646749683202
2015-02-05,95.31442260742188,0.008614728290173412
2015-02-06,94.73568725585938,-0.006090363650662823
2015-02-09,94.43256378173828,-0.0032048055834025934
2015-02-10,95.90229034423828,0.015443895251355366
2015-02-11,96.25135803222656,0.003633218259658222
2015-02-12,97.37210083007812,0.011576648006642166
2015-02-13,98.20799255371094,0.00854787211497968
2015-02-17,98.29988098144531,0.0009352137680656494
2015-02-18,98.43767547607422,0.0014007952486760902
2015-02-19,98.92454528808594,0.004933779096615112
2015-02-20,99.5859146118164,0.006663344300721609
2015-02-23,99.68697357177734,0.0010142771507542518
2015-02-24,99.76045227050781,0.0007368227666465383
2015-02-25,99.51244354248047,-0.002489137873635091
2015-02-26,100.01766967773438,0.005064170082845165
2015-02-27,99.57672882080078,-0.004418376242915168
2015-03-02,100.47695922851562,0.00899994889342855
2015-03-03,100.00845336914062,-0.00467372370018531
2015-03-04,99.62265014648438,-0.003865166260879797
2015-03-05,99.79718780517578,0.001750454769703769
2015-03-06,98.66732788085938,-0.011386137486858372
2015-03-09,98.95209503173828,0.0028819773257434296
2015-03-10,97.11486053466797,-0.018741437255724525
2015-03-11,96.55451202392578,-0.005786666905234079
2015-03-12,97.18836975097656,0.00654331124622207
2015-03-13,96.76581573486328,-0.004357262861807498
2015-03-16,98.0151138305664,0.012827900862454633
2015-03-17,98.17127990722656,0.001592017740564719
2015-03-18,99.13578796386719,0.009776798670291405
2015-03-19,99.28277587890625,0.0014815946560684217
2015-03-20,99.92540740966797,0.006451881136350338
2015-03-23,99.73207092285156,-0.0019366822506288245
2015-03-24,99.37301635742188,-0.0036066879008996777
2015-03-25,97.09881591796875,-0.0231514308288087
2015-03-26,96.76738739013672,-0.0034191503733958487
2015-03-27,97.15403747558594,0.003987703762857188
2015-03-30,98.26811981201172,0.011401925159870121
2015-03-31,97.22772979736328,-0.010643702551426028
2015-04-01,96.72136688232422,-0.005221618189705399
2015-04-02,96.78577423095703,0.0006656844873083695
2015-04-06,97.5776138305664,0.00814807756163977
2015-04-07,97.41188049316406,-0.0016999210945958909
2015-04-08,98.18526458740234,0.007907969457085898
2015-04-09,98.80217742919922,0.006263494285127169
2015-04-10,99.20726776123047,0.004091632061203575
2015-04-13,98.95868682861328,-0.002508817052008307
2015-04-14,98.67326354980469,-0.0028884345542698774
2015-04-15,99.2901611328125,0.006232460171573681
2015-04-16,99.15205383300781,-0.0013919147407844587
2015-04-17,97.60523986816406,-0.015723390002009854
2015-04-20,99.06917572021484,0.014887171623088344
2015-04-21,99.49269104003906,0.0042658338075861005
2015-04-22,100.03591918945312,0.005445128806228908
2015-04-23,100.41338348388672,0.0037661866174361685
2015-04-24,101.77608489990234,0.013479654113923921
2015-04-27,101.51829528808594,-0.0025361227373968363
2015-04-28,101.3156967163086,-0.001997679354939479
2015-04-29,100.680419921875,-0.006290010912341203
2015-04-30,99.09679412841797,-0.01585425016726764
2015-05-01,100.40422058105469,0.01310715308590602
2015-05-04,100.56997680664062,0.0016495278033189693
2015-05-05,98.93104553222656,-0.016430674153820893
2015-05-06,98.24971771240234,-0.00691072009444363
2015-05-07,98.8389892578125,0.005979777435104976
2015-05-08,100.07276153564453,0.012405381736681037
2015-05-11,99.68605041503906,-0.003871785178524999
2015-05-12,99.23493194580078,-0.004535662726579655
2015-05-13,99.43746948242188,0.0020389103401386183
2015-05-14,100.89220428466797,0.014523663381718023
2015-05-15,100.89220428466797,0.0
2015-05-18,101.33413696289062,0.004370680683936208
2015-05-19,101.2236557006836,-0.0010908617408404869
2015-05-20,101.28811645507812,0.0006366124387276113
2015-05-21,101.8128890991211,0.005167614118057934
2015-05-22,101.71165466308594,-0.0009948131317502984
2015-05-26,100.54230499267578,-0.011563310818392892
2015-05-27,102.16278076171875,0.015988846898793208
2015-05-28,101.93257904052734,-0.0022558260906508473
2015-05-29,101.32492065429688,-0.005979215502590624
2015-06-01,101.66558837890625,0.003356492341077563
2015-06-02,101.34334564208984,-0.0031746682382672166
2015-06-03,101.64717864990234,0.0029935706188382203
2015-06-04,100.87379455566406,-0.007637607517689261
2015-06-05,100.63440704345703,-0.00237595912149285
2015-06-08,99.6124038696289,-0.010207523835179545
2015-06-09,99.44666290283203,-0.001665244470243991
2015-06-10,100.809326171875,0.013609423693889547
2015-06-11,100.95664978027344,0.0014603417041454117
2015-06-12,100.12799072265625,-0.008241939776310438
2015-06-15,99.63079833984375,-0.004977937760257071
2015-06-16,100.17404174804688,0.005437753625667711
2015-06-17,100.45023345947266,0.0027533246973180515
2015-06-18,101.91416931152344,0.014468566311115984
2015-06-19,101.41031646728516,-0.004956155415051943
2015-06-22,102.15782165527344,0.007344062333323026
2015-06-23,102.24085998535156,0.000812513407424719
2015-06-24,101.71485137939453,-0.005158078375697873
2015-06-25,101.51182556152344,-0.001998023964853022
2015-06-26,100.83817291259766,-0.006658316212179075
2015-06-29,98.45726013183594,-0.023894436756409662
2015-06-30,98.8079605102539,0.0035556267521797223
2015-07-01,99.59233093261719,0.007906989483292597
2015-07-02,99.62004852294922,0.00027827176791554915
2015-07-06,99.38931274414062,-0.0023188445079076856
2015-07-07,99.63848114013672,0.002503856585144696
2015-07-08,97.90355682373047,-0.017565566733806614
2015-07-09,97.84815979003906,-0.0005659928416317895
2015-07-10,99.34317779541016,0.015163411022392645
2015-07-13,101.08734893798828,0.017404685802360275
2015-07-14,101.75178527832031,0.00655138584968954
2015-07-15,101.86249542236328,0.0010874498053082332
2015-07-16,103.30213928222656,0.014034265615870414
2015-07-17,104.82478332519531,0.014632140717261228
2015-07-20,105.18470764160156,0.0034276990734919193
2015-07-21,105.12010955810547,-0.0006143281584116689
2015-07-22,103.92965698242188,-0.011389301827705799
2015-07-23,103.54205322265625,-0.0037364536141320597
2015-07-24,102.52694702148438,-0.009852179715860936
2015-07-27,101.67794799804688,-0.008315216099001597
2015-07-28,102.55461120605469,0.00858500325077854
2015-07-29,102.94223022460938,0.003772510327329437
2015-07-30,103.43133544921875,0.0047400076532741284
2015-07-31,103.3113784790039,-0.0011604470251661513
2015-08-03,102.98834991455078,-0.003131645697927972
2015-08-04,102.79458618164062,-0.0018831861751944122
2015-08-05,103.58821868896484,0.007690916108805199
2015-08-06,101.9271011352539,-0.016165741124563503
2015-08-07,101.79793548583984,-0.0012680392048393578
2015-08-10,102.96067810058594,0.011357325513736917
2015-08-11,101.64104461669922,-0.01289971331144059
2015-08-12,101.99172973632812,0.0034442929673671476
2015-08-13,101.8255844116211,-0.0016303360899708613
2015-08-14,101.98246002197266,0.0015394450377957014
2015-08-17,102.83146667480469,0.00829056431317366
2015-08-18,102.30548095703125,-0.005128153426683266
2015-08-19,101.63179779052734,-0.006606792256377359
2015-08-20,98.81714630126953,-0.028085321302632908
2015-08-21,94.4983139038086,-0.044689143203159955
2015-08-24,90.86231994628906,-0.03923659885038503
2015-08-25,90.52086639404297,-0.0037650011832297487
2015-08-26,95.07967376708984,0.04913481932568847
2015-08-27,97.48826599121094,0.02501681060835401
2015-08-28,97.46981048583984,-0.000189327939213565
2015-08-31,96.2608871459961,-0.012480614037764405
2015-09-01,93.2524642944336,-0.031751595051528976
2015-09-02,95.88252258300781,0.027813234088957722
2015-09-03,95.41189575195312,-0.004920454916298048
2015-09-04,94.27678680419922,-0.011968268025159117
2015-09-08,96.93457794189453,0.027801300677348893
2015-09-09,95.84561920166016,-0.011297533032071866
2015-09-10,96.88841247558594,0.010821165733412779
2015-09-11,97.42366790771484,0.005509248677733146
2015-09-14,97.12837982177734,-0.003035571366456488
2015-09-15,98.27269744873047,0.011712634596693272
2015-09-16,98.82636260986328,0.005618155837743513
2015-09-17,98.86327362060547,0.00037342383622051997
2015-09-18,97.45719146728516,-0.014324601318911386
2015-09-21,97.76245880126953,0.0031274267972263505
2015-09-22,96.30081939697266,-0.015063818948114918
2015-09-23,96.37481689453125,0.0007681043916185061
2015-09-24,96.02330780029297,-0.003653980369046563
2015-09-25,95.2092514038086,-0.008513835898380286
2015-09-28,92.49873352050781,-0.028882162932757104
2015-09-29,92.0177001953125,-0.005214000783353735
2015-09-30,94.13613891601562,0.02276106888433626
2015-10-01,94.56165313720703,0.004510015064999913
2015-10-02,96.21761322021484,0.017360394599582656
2015-10-05,97.595947265625,0.014223538119101226
2015-10-06,97.13337707519531,-0.004750913218211882
2015-10-07,97.71619415283203,0.005982243759433634
2015-10-08,98.10470581054688,0.003968035766938179
2015-10-09,98.54878997802734,0.004516420321647147
2015-10-12,98.78926849365234,0.0024372251001718403
2015-10-13,98.1509780883789,-0.006482094455546952
2015-10-14,97.99372100830078,-0.001603480639514041
2015-10-15,99.6033706665039,0.016292600777049446
2015-10-16,100.0196533203125,0.004170693830000769
2015-10-19,100.59317016601562,0.005717664485964025
2015-10-20,100.07515716552734,-0.005162889012241048
2015-10-21,99.46458435058594,-0.0061198307256037565
2015-10-22,101.49050903320312,0.02016364241853021
2015-10-23,104.33052062988281,0.02759865564188741
2015-10-26,104.39527130126953,0.0006204376839560958
2015-10-27,104.60803985595703,0.0020360311710923068
2015-10-28,105.47762298583984,0.008278414474497668
2015-10-29,105.31112670898438,-0.0015797457095992227
2015-10-30,104.83930206298828,-0.004490359039941804
2015-11-02,106.02340698242188,0.01123116905403668
2015-11-03,106.39342498779297,0.0034838894469553764
2015-11-04,106.40271759033203,8.73380732600507e-05
2015-11-05,106.11592102050781,-0.002699026737628436
2015-11-06,106.18995666503906,0.0006974432205025732
2015-11-09,105.06132507324219,-0.0106853063424876
2015-11-10,104.79306030273438,-0.0025566767752351546
2015-11-11,104.66354370117188,-0.0012366916639881972
2015-11-12,103.6459732055664,-0.009769871340119553
2015-11-13,101.61077880859375,-0.01983136805200106
2015-11-16,103.07242584228516,0.014282284490397557
2015-11-17,103.13716125488281,0.0006278603787102366
2015-11-18,105.11683654785156,0.019012695538560824
2015-11-19,105.19086456298828,0.0007039972174403342
2015-11-20,105.90315246582031,0.00674856271316586
2015-11-23,105.597900390625,-0.002886532081245776
2015-11-24,105.50537109375,-0.0008766259485217906
2015-11-25,105.597900390625,0.0008766259485218864
2015-11-27,105.7458724975586,0.0014002979987581482
2015-11-30,105.47762298583984,-0.0025399603895409953
2015-12-01,106.53221893310547,0.009948638572259678
2015-12-02,105.87541198730469,-0.006184420365354145
2015-12-03,104.08074188232422,-0.017096082046429983
2015-12-04,106.51372528076172,0.02310689054173943
2015-12-07,106.0326919555664,-0.004526391484201932
2015-12-08,106.04192352294922,8.70596168976382e-05
2015-12-09,104.43230438232422,-0.015295464319350255
2015-12-10,104.90406799316406,0.004507237840707701
2015-12-11,102.4896011352539,-0.023284953282607643
2015-12-14,103.26667022705078,0.007553332699391774
2015-12-15,103.8957290649414,0.006073117259610464
2015-12-16,105.44061279296875,0.014760091454896998
2015-12-17,103.90498352050781,-0.014671020965605882
2015-12-18,101.91182708740234,-0.019368862420439677
2015-12-21,103.04389953613281,0.011047107396315835
2015-12-22,103.72125244140625,0.006551929296575547
2015-12-23,104.49140930175781,0.007397824573366272
2015-12-24,104.47286224365234,-0.0001775141560517345
2015-12-28,104.41719818115234,-0.0005329508134982905
2015-12-29,106.05960083007812,0.015606812660873236
2015-12-30,105.10382843017578,-0.00905250431098063
2015-12-31,103.79547119140625,-0.012526364127922783
2016-01-04,101.60562896728516,-0.02132340280838073
2016-01-05,101.4292984008789,-0.0017369485440187466
2016-01-06,100.45500946044922,-0.00965202808086134
2016-01-07,97.30941772460938,-0.03181418510597803
2016-01-08,96.51146697998047,-0.00823394500668774
2016-01-11,96.8083724975586,0.0030716531921790536
2016-01-12,97.9311294555664,0.011530987675439388
2016-01-13,94.55355072021484,-0.03509812267262152
2016-01-14,96.56710815429688,0.021071839651211267
2016-01-15,93.56995391845703,-0.03152886113397633
2016-01-19,93.77413177490234,0.002179710520664865
2016-01-20,93.48644256591797,-0.00307261084010904
2016-01-21,93.57923889160156,0.0009921256809083553
2016-01-22,96.28873443603516,0.028542775744292558
2016-01-25,94.85977172851562,-0.014951613868902666
2016-01-26,95.71342468261719,0.008958853393451751
2016-01-27,93.32872009277344,-0.025230681733852695
2016-01-28,94.64632415771484,0.014019155041793928
2016-01-29,96.62276458740234,0.020667330966186538
2016-02-01,96.88261413574219,0.0026857104050189667
2016-02-02,94.78551483154297,-0.021883481664447084
2016-02-03,94.33084869384766,-0.00480833075690689
2016-02-04,94.32157135009766,-9.83538271633438e-05
2016-02-05,91.04606628417969,-0.035344314534276416
2016-02-08,89.65419006347656,-0.015405664353563806
2016-02-09,89.37583923339844,-0.0031095459846471555
2016-02-10,89.71914672851562,0.003833808230532971
2016-02-11,89.5892562866211,-0.001448793948642852
2016-02-12,90.95327758789062,0.015110536288825065
2016-02-16,93.00393676757812,0.022295881526665274
2016-02-17,95.11031341552734,0.022395588692569048
2016-02-18,94.0246353149414,-0.01148058603193674
2016-02-19,94.30300903320312,0.002956272531986161
2016-02-22,95.83406066894531,0.01610506284536582
2016-02-23,94.2566146850586,-0.016597154929194738
2016-02-24,95.15670013427734,0.009504001607951966
2016-02-25,96.09386444091797,0.009800460561814134
2016-02-26,95.97325134277344,-0.0012559475733992624
2016-02-29,95.11031341552734,-0.009032109012587402
2016-03-01,98.16312408447266,0.031593214563564426
2016-03-02,98.20024108886719,0.00037804408988220705
2016-03-03,98.01463317871094,-0.0018918847636822456
2016-03-04,98.05174255371094,0.0003785389035166469
2016-03-07,97.44861602783203,-0.006170100593980582
2016-03-08,96.64134979248047,-0.008318522670895374
2016-03-09,97.26306915283203,0.00641265933257997
2016-03-10,97.11456298828125,-0.001528017311557433
2016-03-11,98.81266021728516,0.01733439306217575
2016-03-14,98.97966766357422,0.00168871551052695
2016-03-15,98.9425277709961,-0.00037529790868075463
2016-03-16,99.82403564453125,0.008869838444605807
2016-03-17,99.76835632324219,-0.0005579303117165449
2016-03-18,99.92473602294922,0.001566200711663421
2016-03-21,100.31562805175781,0.0039042330665600127
2016-03-22,100.62271118164062,0.003056493550434107
2016-03-23,99.79447174072266,-0.008265201055454207
2016-03-24,99.82237243652344,0.00027954250151048166
2016-03-28,99.68275451660156,-0.00139964265426926
2016-03-29,101.28347778320312,0.015930607857231598
2016-03-30,101.77672576904297,0.004858154846038128
2016-03-31,101.62781524658203,-0.0014641811664636286
2016-04-01,102.7074203491211,0.010567097205895139
2016-04-04,102.31654357910156,-0.003812990794897959
2016-04-05,101.33000183105469,-0.009688840668221252
2016-04-06,102.99589538574219,0.0163066012812772
2016-04-07,101.51616668701172,-0.014471073308672141
2016-04-08,101.44170379638672,-0.0007337768551544437
2016-04-11,101.06940460205078,-0.00367683152503622
2016-04-12,101.91633605957031,0.00834478687477245
2016-04-13,103.2192611694336,0.01270323287359824
2016-04-14,103.22856140136719,9.009765105843826e-05
2016-04-15,102.96797180175781,-0.0025275860296660323
2016-04-18,103.51707458496094,0.005318584441821719
2016-04-19,102.88423919677734,-0.00613210603765291
2016-04-20,102.96797180175781,0.000813521595830981
2016-04-21,102.97728729248047,9.046569724383788e-05
2016-04-22,101.42310333251953,-0.015207543469197737
2016-04-25,101.42310333251953,0.0
2016-04-26,100.92981719970703,-0.004875512630684187
2016-04-27,100.12018585205078,-0.008054073235171563
2016-04-28,98.9103012084961,-0.012157931829197782
2016-04-29,98.38916015625,-0.005282754049290938
2016-05-02,99.3198013305664,0.009414323365296082
2016-05-03,98.3984603881836,-0.009319802867362408
2016-05-04,97.76564025878906,-0.006451968760376525
2016-05-05,97.73767852783203,-0.0002860486596466466
2016-05-06,98.25882720947266,0.005317951030601227
2016-05-09,98.53804016113281,0.002837577068567693
2016-05-10,99.88748168945312,0.013601701235472562
2016-05-11,98.98477935791016,-0.009078274933572087
2016-05-12,98.54737091064453,-0.004428738932927367
2016-05-13,98.18440246582031,-0.003689987137745136
2016-05-16,99.41285705566406,0.012434083549807481
2016-05-17,98.165771484375,-0.012623856557148408
2016-05-18,98.51942443847656,0.0035961357799991892
2016-05-19,98.007568359375,-0.00520902731176446
2016-05-20,99.0871353149414,0.010954913876431075
2016-05-23,98.95686340332031,-0.0013155857410817344
2016-05-24,100.93914031982422,0.01983373215061932
2016-05-25,101.6650619506836,0.007165939591607129
2016-05-26,101.9628677368164,0.0029250014859576734
2016-05-27,102.49334716796875,0.005189185584591727
2016-05-31,102.68878173828125,0.001904986856862716
2016-06-01,102.69808197021484,9.056306495976694e-05
2016-06-02,102.91213989257812,0.0020821727418052086
2016-06-03,102.4281997680664,-0.004713550404255358
2016-06-06,102.80045318603516,0.0036276983827974157
2016-06-07,102.53987884521484,-0.0025379766177741144
2016-06-08,102.71669006347656,0.0017228317021499811
2016-06-09,102.54918670654297,-0.0016320627349262421
2016-06-10,101.38585662841797,-0.011408953338629213
2016-06-13,100.53897857666016,-0.008388101606597642
2016-06-14,100.53897857666016,0.0
2016-06-15,100.25045013427734,-0.0028739425459592912
2016-06-16,100.54825592041016,0.0029662143779308372
2016-06-17,99.36971282958984,-0.01179040334345046
2016-06-20,99.99491119384766,0.006271929303168323
2016-06-21,100.31217956542969,0.00316782232418872
2016-06-22,100.06954193115234,-0.002421755348264799
2016-06-23,101.49725341796875,0.014166374586575088
2016-06-24,97.31682586669922,-0.042059836237234645
2016-06-27,95.38521575927734,-0.020048306588765576
2016-06-28,97.47545623779297,0.02167702005160519
2016-06-29,99.20173645019531,0.017554903256053224
2016-06-30,100.34953308105469,0.01150390365135049
2016-07-01,100.85338592529297,0.005008415384388814
2016-07-05,100.23751831054688,-0.006125284906869015
2016-07-06,101.05868530273438,0.008158837897943692
2016-07-07,101.35728454589844,0.0029503547569500266
2016-07-08,102.92498016357422,0.015348629469308858
2016-07-11,103.5128402709961,0.005695290670922961
2016-07-12,104.035400390625,0.0050355639939087
2016-07-13,103.78346252441406,-0.0024245921289163573
2016-07-14,104.4926528930664,0.0068101242249400526
2016-07-15,104.32463836669922,-0.0016092016289468059
2016-07-18,105.01519012451172,0.006597447485766257
2016-07-19,104.6325912475586,-0.003649924642139996
2016-07-20,105.85501098632812,0.011615254002983801
2016-07-21,105.61241912841797,-0.002294367167538872
2016-07-22,106.05097198486328,0.004143876573999203
2016-07-25,106.060302734375,8.797975996413292e-05
2016-07-26,106.18160247802734,0.0011430330569045816
2016-07-27,106.9188003540039,0.0069188120433355356
2016-07-28,107.29204559326172,0.0034848433125364
2016-07-29,107.52533721923828,0.0021720003720054177
2016-08-01,108.09455871582031,0.0052798728657632915
2016-08-02,107.27336883544922,-0.007625962411547323
2016-08-03,107.62800598144531,0.0033004671861457456
2016-08-04,107.93587493896484,0.002856407720364676
2016-08-05,108.9716796875,0.009550728870098914
2016-08-08,108.85037994384766,-0.0011137508881919876
2016-08-09,109.10231018066406,0.0023117893050382714
2016-08-10,108.82239532470703,-0.002568914885031305
2016-08-11,109.28894805908203,0.0042781217952263155
2016-08-12,109.36359405517578,0.0006827818992810537
2016-08-15,109.83016967773438,0.00425720439568194
2016-08-16,109.22367095947266,-0.005537453863146146
2016-08-17,109.41962432861328,0.001792448484156317
2016-08-18,109.44757080078125,0.00025537378777403555
2016-08-19,109.41962432861328,-0.0002553737877740892
2016-08-22,109.50357818603516,0.0007669708881743477
2016-08-23,109.69951629638672,0.0017877317197441981
2016-08-24,108.99037170410156,-0.0064854126027784715
2016-08-25,108.81307220458984,-0.0016280691938800355
2016-08-26,108.9716796875,0.0014565529457253193
2016-08-29,109.12100219726562,0.0013693493225749988
2016-08-30,108.76641845703125,-0.0032547455212349106
2016-08-31,108.65444946289062,-0.0010299747683866856
2016-09-01,108.93435668945312,0.00257281048517643
2016-09-02,109.28894805908203,0.0032498058089115334
2016-09-06,109.97013092041016,0.0062135174158177335
2016-09-07,110.03546905517578,0.0005939679416688881
2016-09-08,109.3916015625,-0.005868640900256531
2016-09-09,106.63885498046875,-0.02548618030338566
2016-09-12,108.55177307128906,0.017779291764119385
2016-09-13,107.58131408691406,-0.008980258589914096
2016-09-14,108.09455871582031,0.004759415979846958
2016-09-15,109.774169921875,0.015418867063000108
2016-09-16,109.7218246459961,-0.00047695883448169873
2016-09-19,109.24470520019531,-0.004357928138499913
2016-09-20,109.45051574707031,0.0018821683138892354
2016-09-21,110.52629089355469,0.009780883167904951
2016-09-22,111.4056625366211,0.007924737574939575
2016-09-23,110.69468688964844,-0.006402313885228712
2016-09-26,109.76856231689453,-0.008401672604046664
2016-09-27,110.85371398925781,0.009837269758353362
2016-09-28,111.04080963134766,0.0016863479402294784
2016-09-29,110.23629760742188,-0.007271566217475211
2016-09-30,111.05950927734375,0.007439955404236946
2016-10-03,110.90049743652344,-0.0014327974699366154
2016-10-04,110.73210906982422,-0.001519527309214806
2016-10-05,111.12503051757812,0.0035421159697912132
2016-10-06,111.06889343261719,-0.0005052981211850238
2016-10-07,110.82565307617188,-0.0021923968633061593
2016-10-10,111.52729034423828,0.0063110439293525295
2016-10-11,109.93697357177734,-0.014362083348270082
2016-10-12,109.8434066772461,-0.0008514581699975647
2016-10-13,109.45051574707031,-0.003583239756147059
2016-10-14,109.58150482177734,0.0011960725192855777
2016-10-17,109.28213500976562,-0.0027356759573876573
2016-10-18,110.25501251220703,0.008863045566533705
2016-10-19,110.24568176269531,-8.463238220605916e-05
2016-10-20,110.11470794677734,-0.0011887239037244722
2016-10-21,110.52629089355469,0.0037307973254038403
2016-10-24,111.85469818115234,0.011947272059489372
2016-10-25,111.49919891357422,-0.003183285113004451
2016-10-26,110.74146270751953,-0.006819086451140213
2016-10-27,110.23629760742188,-0.004572097928572741
2016-10-28,109.54409790039062,-0.006299033125117691
2016-10-31,109.44114685058594,-0.0009402556551836418
2016-11-01,108.6179428100586,-0.007550319984614394
2016-11-02,107.7479248046875,-0.008042143652968582
2016-11-03,106.69088745117188,-0.00985871824120377
2016-11-04,106.31669616699219,-0.003513411708105249
2016-11-07,108.84247589111328,0.023479322149390705
2016-11-08,109.55341339111328,0.006510562204890021
2016-11-09,110.05854034423828,0.004600185329732827
2016-11-10,108.28117370605469,-0.01628110494636914
2016-11-11,108.32794952392578,0.00043189149100171265
2016-11-14,107.23343658447266,-0.010155087283859771
2016-11-15,108.72084045410156,0.013775391818500581
2016-11-16,109.3663330078125,0.005919600207487364
2016-11-17,110.16146087646484,0.007244015271674704
2016-11-18,109.74989318847656,-0.0037430370092041204
2016-11-21,110.89114379882812,0.010344954898584448
2016-11-22,111.2279052734375,0.003032263410533821
2016-11-23,110.77887725830078,-0.004045179361826867
2016-11-25,111.13438415527344,0.00320401943386806
2016-11-28,110.88179016113281,-0.002275456767115522
2016-11-29,111.26535034179688,0.0034532117851983663
2016-11-30,109.91825866699219,-0.012180905601162877
2016-12-01,108.01924896240234,-0.017427544150867256
2016-12-02,108.23439025878906,0.001989713265769537
2016-12-05,109.07632446289062,0.00774870597452696
2016-12-06,109.33826446533203,0.002398558899448954
2016-12-07,110.72276306152344,0.012583026438647133
2016-12-08,110.91920471191406,0.0017726038421427852
2016-12-09,111.78922271728516,0.007813107400003417
2016-12-12,111.28404998779297,-0.004529216673521408
2016-12-13,112.68724060058594,0.012530257501566186
2016-12-14,112.45339965820312,-0.0020772884558007717
2016-12-15,112.631103515625,0.001578997148515793
2016-12-16,112.21356964111328,-0.003713980398935863
2016-12-19,112.67333984375,0.004088907124658686
2016-12-20,113.10494995117188,0.0038233138675740365
2016-12-21,113.02047729492188,-0.0007471310166944335
2016-12-22,112.70148468017578,-0.002826422598095992
2016-12-23,112.77658081054688,0.0006661058847059738
2016-12-27,113.35826110839844,0.005144555132084219
2016-12-28,112.4762954711914,-0.0078107631929796315
2016-12-29,112.31680297851562,-0.0014190161578683778
2016-12-30,111.16278839111328,-0.010327787319501291
2017-01-03,112.1573257446289,0.008906890741127662
2017-01-04,112.76716613769531,0.005422636568605965
2017-01-05,113.40515899658203,0.00564166770358677
2017-01-06,114.39971160888672,0.008731673985320217
2017-01-09,114.77501678466797,0.0032752783338505587
2017-01-10,115.02833557128906,0.002204657909721983
2017-01-11,115.33795928955078,0.002688100747471551
2017-01-12,115.15967559814453,-0.0015469462586588524
2017-01-13,115.55376434326172,0.003416265029874012
2017-01-17,115.20661926269531,-0.0030087083147831884
2017-01-18,115.441162109375,0.0020337757088170713
2017-01-19,115.3848648071289,-0.0004877899092612869
2017-01-20,115.63821411132812,0.002193282220515706
2017-01-23,115.73200988769531,0.0008107852418019907
2017-01-24,116.51074981689453,0.00670628310471485
2017-01-25,117.68355560302734,0.010015748147264483
2017-01-26,117.8055191040039,0.0010358315945937775
2017-01-27,118.03069305419922,0.0019095796744639613
2017-01-30,117.1112289428711,-0.007820543353436757
2017-01-31,116.87666320800781,-0.0020049397537827973
2017-02-01,117.68355560302734,0.006880071838161745
2017-02-02,117.58036041259766,-0.0008772717788233138
2017-02-03,117.9181137084961,0.0028684137231835354
2017-02-06,118.0588607788086,0.0011928883087710784
2017-02-07,118.49046325683594,0.003649158235682692
2017-02-08,118.68750762939453,0.0016615743625443455
2017-02-09,119.11907958984375,0.00362960874458417
2017-02-10,119.51315307617188,0.003302771299149661
2017-02-13,120.18865203857422,0.005636175749808929
2017-02-14,120.59210968017578,0.0033512479678162706
2017-02-15,121.30517578125,0.005895627684569452
2017-02-16,121.26763916015625,-0.00030948745350904607
2017-02-17,121.79304504394531,0.004323255353718926
2017-02-21,122.3935317993164,0.0049182717050582055
2017-02-22,122.4404296875,0.0003830995379265732
2017-02-23,121.98067474365234,-0.0037619949974867033
2017-02-24,122.21527099609375,0.0019213777190458623
2017-02-27,122.36536407470703,0.0012273506233344276
2017-02-28,121.9900894165039,-0.0030715496452633512
2017-03-01,123.32239532470703,0.010862219338224491
2017-03-02,122.70314025878906,-0.00503408211030883
2017-03-03,122.92832946777344,0.0018335539198138663
2017-03-06,122.65623474121094,-0.0022158952764424556
2017-03-07,122.44979858398438,-0.001684464500837899
2017-03-08,122.66558837890625,0.0017607205597640016
2017-03-09,122.75946807861328,0.0007650376505230253
2017-03-10,123.27548217773438,0.004194646778366586
2017-03-13,123.48186492919922,0.0016727591053173577
2017-03-14,123.18164825439453,-0.002434221577182203
2017-03-15,123.94160461425781,0.006150443122390668
2017-03-16,123.85716247558594,-0.0006815380312996283
2017-03-17,123.81391906738281,-0.00034920030528516843
2017-03-20,123.92676544189453,0.0009110040406949459
2017-03-21,122.04637908935547,-0.01528966089413965
2017-03-22,122.87376403808594,0.006756390761426011
2017-03-23,122.56346893310547,-0.0025285101738088205
2017-03-24,122.81732940673828,0.0020691151542425287
2017-03-27,123.01478576660156,0.0016064329283216176
2017-03-28,123.7669448852539,0.006095762808252911
2017-03-29,124.34041595458984,0.004622773694843458
2017-03-30,124.54730987548828,0.001662548587835326
2017-03-31,124.46266174316406,-0.0006798774766695004
2017-04-03,124.38742065429688,-0.000604710196879341
2017-04-04,124.58488464355469,0.001586232897875134
2017-04-05,124.07720184326172,-0.004083320564625596
2017-04-06,124.14299011230469,0.0005300799267386462
2017-04-07,124.07720184326172,-0.0005300799267385888
2017-04-10,124.12419891357422,0.00037870109299022945
2017-04-11,123.5882797241211,-0.004326952187039106
2017-04-12,123.08999633789062,-0.004039950918259199
2017-04-13,122.6010971069336,-0.003979793238723021
2017-04-17,123.61650085449219,0.00824806603997847
2017-04-18,123.42845153808594,-0.001522389758663145
2017-04-19,123.62590026855469,0.0015984237562649954
2017-04-20,124.66010284423828,0.008330784208681002
2017-04-21,124.63189697265625,-0.00022628782089359145
2017-04-24,126.13623809814453,0.011998009006399298
2017-04-25,127.04818725585938,0.0072038641420104944
2017-04-26,126.86956787109375,-0.0014069076354225087
2017-04-27,127.63105773925781,0.0059842064340333775
2017-04-28,127.85676574707031,0.0017668792465461442
2017-05-01,128.99435424804688,0.008858018133979415
2017-05-02,129.21063232421875,0.0016752436087620903
2017-05-03,128.79696655273438,-0.0032066197099748983
2017-05-04,128.84397888183594,0.00036494455137201686
2017-05-05,129.31405639648438,0.003641785030467629
2017-05-08,129.5961151123047,0.0021788161180379783
2017-05-09,130.04742431640625,0.003476378881664886
2017-05-10,130.12261962890625,0.0005780474450748832
2017-05-11,130.0192108154297,-0.000795018769158396
2017-05-12,130.31068420410156,0.0022392626897076847
2017-05-15,130.72433471679688,0.0031693131492438326
2017-05-16,131.2696990966797,0.004163187685142485
2017-05-17,127.93199157714844,-0.025755171647425808
2017-05-18,129.05078125,0.00870717308356157
2017-05-19,129.5961151123047,0.004216827482188929
2017-05-22,130.68673706054688,0.00838033179667065
2017-05-23,130.81838989257812,0.001006885369230364
2017-05-24,131.4200897216797,0.004588959529484342
2017-05-25,132.53892517089844,0.008477392978625627
2017-05-26,132.77398681640625,0.0017719582906966299
2017-05-30,132.8867645263672,0.0008490355926923406
2017-05-31,132.8397216796875,-0.00035406968904607886
2017-06-01,133.35687255859375,0.003885485695298102
2017-06-02,134.87998962402344,0.011356630278842794
2017-06-05,134.85179138183594,-0.00020908357320793025
2017-06-06,134.31591796875,-0.003981711791195292
2017-06-07,134.8424072265625,0.003912120711182171
2017-06-08,134.9833984375,0.0010450536665485217
2017-06-09,131.6081085205078,-0.02532316444883126
2017-06-12,130.9029541015625,-0.005372391608565171
2017-06-13,131.9653778076172,0.008083358564265774
2017-06-14,131.391845703125,-0.00435555177522517
2017-06-15,130.80892944335938,-0.004446342462506522
2017-06-16,130.24142456054688,-0.004347864449243796
2017-06-19,132.41920471191406,0.016582843518989938
2017-06-20,131.38209533691406,-0.007862847666196571
2017-06-21,132.68321228027344,0.009854588508335536
2017-06-22,132.64547729492188,-0.0002844395430165874
2017-06-23,133.15457153320312,0.0038306604010141954
2017-06-26,132.5323028564453,-0.004684234522371077
2017-06-27,130.12832641601562,-0.018305321012184007
2017-06-28,132.00436401367188,0.014313892905643411
2017-06-29,129.7135009765625,-0.017506802961989764
2017-06-30,129.7606201171875,0.0003631895230579327
2017-07-03,128.3936309814453,-0.010590582233232514
2017-07-05,129.65689086914062,0.009790873276187263
2017-07-06,128.48789978027344,-0.009056925586134825
2017-07-07,129.87374877929688,0.010728080567445114
2017-07-10,130.72230529785156,0.006512451008826286
2017-07-11,131.0899658203125,0.002808583131496878
2017-07-12,132.64547729492188,0.01179613550224109
2017-07-13,132.9376678466797,0.002200370580685154
2017-07-14,133.9842071533203,0.007841580382352316
2017-07-17,134.0501708984375,0.0004922036264777863
2017-07-18,134.94578552246094,0.00665896949064583
2017-07-19,135.73764038085938,0.005850798693287856
2017-07-20,135.91676330566406,0.0013187560984363458
2017-07-21,135.86021423339844,-0.00041614321855920286
2017-07-24,136.48245239257812,0.004569531829990319
2017-07-25,136.13360595703125,-0.0025592522176728695
2017-07-26,136.5767059326172,0.003249604772485512
2017-07-27,135.7188262939453,-0.006301113133181102
2017-07-28,135.60569763183594,-0.000833899324898575
2017-07-31,135.03062438964844,-0.004249792514266537
2017-08-01,135.3417205810547,0.0023012437069321666
2017-08-02,135.70947265625,0.002713526522104638
2017-08-03,135.18142700195312,-0.003898590345981224
2017-08-04,135.42657470703125,0.0018118294403169667
2017-08-07,136.2845001220703,0.006315004029166833
2017-08-08,136.04879760742188,-0.0017309860782119023
2017-08-09,135.86962890625,-0.0013178123262786508
2017-08-10,132.95660400390625,-0.021673025697159946
2017-08-11,133.96530151367188,0.0075580331972396496
2017-08-14,135.6905059814453,0.0127957786112069
2017-08-15,135.78485107421875,0.0006950545905518352
2017-08-16,136.02052307128906,0.0017341235939158375
2017-08-17,133.23936462402344,-0.020658534630772423
2017-08-18,133.14515686035156,-0.0007073066188264845
2017-08-21,132.97543334960938,-0.0012755385340152434
2017-08-22,135.00233459472656,0.015127672079790627
2017-08-23,134.52151489257812,-0.00356792330723681
2017-08-24,134.1255645751953,-0.0029477380128120918
2017-08-25,133.8427276611328,-0.00211097377778396
2017-08-28,134.25758361816406,0.0030947840840992538
2017-08-29,134.7855224609375,0.00392457199954588
2017-08-30,136.3693084716797,0.01168191631686287
2017-08-31,137.8306121826172,0.010658774388065647
2017-09-01,137.64205932617188,-0.0013689407726598772
2017-09-05,136.40708923339844,-0.009012824590591302
2017-09-06,136.8218536376953,0.0030360233328668457
2017-09-07,137.1424102783203,0.0023401357704830187
2017-09-08,135.95449829101562,-0.008699618649045521
2017-09-11,137.51951599121094,0.011445583151447702
2017-09-12,137.84945678710938,0.002396355337062484
2017-09-13,138.03799438476562,0.0013667720384197204
2017-09-14,137.22723388671875,-0.005890775581567938
2017-09-15,137.69857788085938,0.003428884708345394
2017-09-18,137.51817321777344,-0.0013110007890478183
2017-09-19,137.75436401367188,0.001716050981589121
2017-09-20,137.32916259765625,-0.0030914374255010977
2017-09-21,136.48834228515625,-0.006141484312221923
2017-09-22,136.35606384277344,-0.0009696255431713743
2017-09-25,134.91995239257812,-0.01058792359360327
2017-09-26,135.26947021484375,0.0025872072552276504
2017-09-27,136.48834228515625,0.008970341881547127
2017-09-28,136.44107055664062,-0.00034640259909048544
2017-09-29,137.42367553710938,0.007175872111557838
2017-10-02,137.5464630126953,0.0008930968605901505
2017-10-03,137.83938598632812,0.0021273648240860065
2017-10-04,137.97169494628906,0.000959417363961977
2017-10-05,139.32276916503906,0.009744766557941965
2017-10-06,139.51171875,0.00135528151697072
2017-10-09,139.35110473632812,-0.0011519214316493833
2017-10-10,139.455078125,0.0007458471144703935
2017-10-11,139.87075805664062,0.002976310707084544
2017-10-12,139.61563110351562,-0.0018256847838336702
2017-10-13,140.1541748046875,0.003849910569199698
2017-10-16,140.63601684570312,0.00343204661921626
2017-10-17,140.81553649902344,0.001275670185733934
2017-10-18,140.6454315185547,-0.0012087288861222728
2017-10-19,140.1258544921875,-0.003701073758960228
2017-10-20,140.50375366210938,0.0026932254285671007
2017-10-23,139.58729553222656,-0.006544024902403678
2017-10-24,139.82351684570312,0.0016908534622953999
2017-10-25,139.29444885253906,-0.0037910037462094578
2017-10-26,138.8502960205078,-0.00319368399176228
2017-10-27,142.8941192626953,0.028707585578596356
2017-10-30,143.21539306640625,0.00224581095629256
2017-10-31,143.7539520263672,0.0037534294268631954
2017-11-01,143.70669555664062,-0.0003287856654439216
2017-11-02,143.43270874023438,-0.001908389412668918
2017-11-03,144.81211853027344,0.009571171378314527
2017-11-06,145.30343627929688,0.0033870518873112916
2017-11-07,145.38844299316406,0.0005848578673958982
2017-11-08,145.9742889404297,0.004021425340816973
2017-11-09,145.20895385742188,-0.005256736878445363
2017-11-10,145.19949340820312,-6.515271378074815e-05
2017-11-13,145.37901306152344,0.001235601891832113
2017-11-14,144.84991455078125,-0.0036460810522492555
2017-11-15,144.169677734375,-0.004707210795470819
2017-11-16,146.01205444335938,0.012698259476103906
2017-11-17,145.45460510253906,-0.003825137471230487
2017-11-20,145.34124755859375,-0.0007796366327086886
2017-11-21,146.9190216064453,0.010797152690017374
2017-11-22,147.0985565185547,0.0012212530663532188
2017-11-24,147.63719177246094,0.003655042570710278
2017-11-27,147.5709686279297,-0.0004486538959646119
2017-11-28,147.94895935058594,0.002558141722459032
2017-11-29,145.36959838867188,-0.017587891279514184
2017-11-30,146.58839416503906,0.008349165890208754
2017-12-01,145.96481323242188,-0.00426303223641731
2017-12-04,144.2830810546875,-0.011588376907088823
2017-12-05,144.37753295898438,0.0006544149293828741
2017-12-06,145.02944946289062,0.004505196115874613
2017-12-07,145.52073669433594,0.003381775149802216
2017-12-08,146.16326904296875,0.004405681321510172
2017-12-11,147.29701232910156,0.007726762350728328
2017-12-12,147.0985565185547,-0.0013482257316914724
2017-12-13,147.38204956054688,0.0019253772487385964
2017-12-14,147.2781524658203,-0.0007051994013293274
2017-12-15,148.95042419433594,0.011290534572313033
2017-12-18,150.19924926757812,0.008349214046263747
2017-12-19,149.3092803955078,-0.005942879105197292
2017-12-20,149.14834594726562,-0.001078440955333799
2017-12-21,149.1671905517578,0.00012634008096542654
2017-12-22,148.99681091308594,-0.0011428586709300492
2017-12-26,148.19204711914062,-0.005415854190152329
2017-12-27,148.2109832763672,0.00012777303408162077
2017-12-28,148.39088439941406,0.001213081674218585
2017-12-29,147.47254943847656,-0.006207850008431468
2018-01-02,150.0572509765625,0.017374841496417107
2018-01-03,151.5152587890625,0.009669443502659086
2018-01-04,151.78042602539062,0.0017485728756932994
2018-01-05,153.30471801757812,0.009992650941545961
2018-01-08,153.90122985839844,0.0038834703209860892
2018-01-09,153.9106903076172,6.146902443959833e-05
2018-01-10,153.55088806152344,-0.0023404707166732605
2018-01-11,154.6018524169922,0.00682108767688334
2018-01-12,155.73800659179688,0.007322032396367827
2018-01-16,155.2930145263672,-0.0028614018463414474
2018-01-17,156.9688262939453,0.010733478365420768
2018-01-18,156.9972686767578,0.0001811812380120173
2018-01-19,157.4895782470703,0.003130877982841913
2018-01-22,159.17489624023438,0.010644287826694888
2018-01-23,160.4908905029297,0.008233609925049483
2018-01-24,159.44940185546875,-0.006510541817617348
2018-01-25,159.39263916015625,-0.0003560552788544699
2018-01-26,161.83531188964844,0.015208638005428689
2018-01-29,161.04954528808594,-0.004867172524738318
2018-01-30,159.72393798828125,-0.008265114887368565
2018-01-31,160.38677978515625,0.004141334278542535
2018-02-01,159.0233917236328,-0.008536962585459596
2018-02-02,155.8516082763672,-0.020146983611691583
2018-02-05,149.70687866210938,-0.040225085529861496
2018-02-06,153.6739959716797,0.026154209302562757
2018-02-07,151.68572998046875,-0.013022634756026549
2018-02-08,145.28536987304688,-0.0431109381613833
2018-02-09,147.79441833496094,0.017122366412481615
2018-02-12,150.41696166992188,0.017588939403281656
2018-02-13,151.19337463378906,0.005148462008239713
2018-02-14,154.02423095703125,0.018550289687430634
2018-02-15,156.88365173339844,0.018394524943892838
2018-02-16,156.1829833984375,-0.004476168497182575
2018-02-20,156.49546813964844,0.00199876162688175
2018-02-21,156.05044555664062,-0.002847728056907626
2018-02-22,156.03155517578125,-0.00012106036771177971
2018-02-23,159.22219848632812,0.020242437855759507
2018-02-26,161.33358764648438,0.013173492950525834
2018-02-27,159.33583068847656,-0.012460076890900248
2018-02-28,158.3132781982422,-0.006438274144697279
2018-03-01,155.728515625,-0.016461636592615427
2018-03-02,157.15814208984375,0.009138366105148073
2018-03-05,158.9003448486328,0.011024670919163445
2018-03-06,159.57249450683594,0.004221086216138282
2018-03-07,159.94171142578125,0.0023111152895861297
2018-03-08,160.82225036621094,0.005490274826126988
2018-03-09,163.9467010498047,0.019241661307168766
2018-03-12,164.81773376464844,0.005298838077682623
2018-03-13,162.57386779785156,-0.013707749933897182
2018-03-14,162.54542541503906,-0.00017496582626016767
2018-03-15,162.40342712402344,-0.0008739732357546342
2018-03-16,161.92056274414062,-0.0029776689467587826
2018-03-19,158.46580505371094,-0.021567032482743644
2018-03-20,158.98739624023438,0.003286101093090236
2018-03-21,158.2951202392578,-0.004363789768326114
2018-03-22,154.38796997070312,-0.024992420522964808
2018-03-23,150.3196563720703,-0.02670465073116796
2018-03-26,155.90530395507812,0.03648472787923692
2018-03-27,150.86019897460938,-0.03289522364560441
2018-03-28,149.12474060058594,-0.011570432419919275
2018-03-29,151.85592651367188,0.018149078526687974
2018-04-02,147.4746551513672,-0.02927588793364134
2018-04-03,149.1342010498047,0.011190247231613862
2018-04-04,151.48609924316406,0.01564728780436296
2018-04-05,152.3490753173828,0.005680569381545829
2018-04-06,148.53680419921875,-0.02534166868982198
2018-04-09,149.57992553710938,0.006998101689308165
2018-04-10,152.880126953125,0.021823261391711996
2018-04-11,151.99819946289062,-0.005785455204723128
2018-04-12,153.82847595214844,0.011969514030035776
2018-04-13,153.03182983398438,-0.005192251281153283
2018-04-16,154.1982879638672,0.00759342048281608
2018-04-17,157.51747131347656,0.021297022719040992
2018-04-18,157.8398895263672,0.0020447807171603523
2018-04-19,156.38897705078125,-0.009234815392658196
2018-04-20,153.91380310058594,-0.015953620826701966
2018-04-23,153.5250244140625,-0.0025291463469607747
2018-04-24,150.27224731445312,-0.02141494813597471
2018-04-25,150.45242309570312,0.0011982774979074854
2018-04-26,153.61984252929688,0.020834086902842053
2018-04-27,153.7146453857422,0.0006169360301563903
2018-04-30,152.6240692138672,-0.007120097638316849
2018-05-01,154.36903381347656,0.011368225377886043
2018-05-02,153.45864868164062,-0.005914918234140492
2018-05-03,153.4396514892578,-0.00012380122272754197
2018-05-04,156.3510284423828,0.01879632188721079
2018-05-07,157.6501922607422,0.00827494382832225
2018-05-08,157.4890594482422,-0.0010226134997026052
2018-05-09,159.2054901123047,0.010839766413441226
2018-05-10,160.8555450439453,0.010310968029921744
2018-05-11,160.70387268066406,-0.0009433552007433578
2018-05-14,160.97882080078125,0.0017094372351550364
2018-05-15,159.19593811035156,-0.011137049807483507
2018-05-16,160.2486572265625,0.0065909578216822836
2018-05-17,159.6322784423828,-0.003853806077894568
2018-05-18,158.8072509765625,-0.005181701614281585
2018-05-21,159.6986541748047,0.005597419144893476
2018-05-22,159.48997497558594,-0.0013075605450358887
2018-05-23,160.83665466308594,0.0084082152207103
2018-05-24,160.7891845703125,-0.0002951883047162915
2018-05-25,160.9503936767578,0.0010021093507641364
2018-05-29,160.23919677734375,-0.0044285249763612354
2018-05-30,161.3866424560547,0.007135313193353489
2018-05-31,161.28231811523438,-0.0006466339016355943
2018-06-01,163.81436157226562,0.015577487047831977
2018-06-04,165.29376220703125,0.008990422858459995
2018-06-05,165.80589294433594,0.003093516636180995
2018-06-06,166.77313232421875,0.005816615200865877
2018-06-07,165.41705322265625,-0.008164519564423385
2018-06-08,165.42652893066406,5.7282102610116663e-05
2018-06-11,165.87225341796875,0.002690772076339834
2018-06-12,166.74472045898438,0.005246088507198441
2018-06-13,166.7352294921875,-5.692076420684005e-05
2018-06-14,168.4232635498047,0.010073134747273057
2018-06-15,167.8352813720703,-0.0034972064554962576
2018-06-18,167.73834228515625,-0.0005777515440819408
2018-06-19,167.26312255859375,-0.002837122193170904
2018-06-20,168.4511260986328,0.007077498222423163
2018-06-21,166.98756408691406,-0.00872631179329482
2018-06-22,166.61691284179688,-0.002222100860541466
2018-06-25,162.863037109375,-0.02278765778286881
2018-06-26,163.52825927734375,0.004076230563894532
2018-06-27,161.304443359375,-0.013692283092002606
2018-06-28,162.6919403076172,0.008564943932760768
2018-06-29,163.12911987304688,0.0026835578249546506
2018-07-02,164.2220001220703,0.006677138049607708
2018-07-03,162.32127380371094,-0.011641628762930527
2018-07-05,164.33602905273438,0.012335746240617437
2018-07-06,166.89248657226562,0.015436522900570617
2018-07-09,168.39410400390625,0.00895727722938707
2018-07-10,168.51763916015625,0.0007333384145422456
2018-07-11,167.662353515625,-0.005088271214700202
2018-07-12,170.55142211914062,0.017084690717477428
2018-07-13,170.69393920898438,0.0008352763980444994
2018-07-16,170.28529357910156,-0.0023968956829671147
2018-07-17,171.32122802734375,0.006065092779666997
2018-07-18,170.9980926513672,-0.0018879183991919232
2018-07-19,170.1427764892578,-0.005014456089594988
2018-07-20,170.104736328125,-0.00022360287648433305
2018-07-23,170.64645385742188,0.003179551539517348
2018-07-24,171.34974670410156,0.00411287515427379
2018-07-25,173.7445831298828,0.01387953764542995
2018-07-26,171.1121368408203,-0.015267195150259488
2018-07-27,168.802734375,-0.013588331643078561
2018-07-30,166.4173583984375,-0.014231940689944897
2018-07-31,167.6907958984375,0.007622942751673452
2018-08-01,168.32752990722656,0.003789881217878992
2018-08-02,170.617919921875,0.013515005900622358
2018-08-03,171.1406707763672,0.0030591843272127807
2018-08-06,172.1480255126953,0.005868865701812878
2018-08-07,172.77525329589844,0.0036369158772903026
2018-08-08,172.98431396484375,0.001209283642263604
2018-08-09,172.87977600097656,-0.0006045031564907941
2018-08-10,171.55886840820312,-0.007669952775371756
2018-08-13,171.36874389648438,-0.0011088318605840227
2018-08-14,172.4426727294922,0.006247217362905473
2018-08-15,170.3328094482422,-0.012310623349415455
2018-08-16,170.8935546875,0.0032866495849182926
2018-08-17,170.93150329589844,0.00022203526434387875
2018-08-20,170.7794952392578,-0.00088968787846466
2018-08-21,171.40670776367188,0.0036659176865281827
2018-08-22,172.0719757080078,0.0038737121588421895
2018-08-23,171.82489013671875,-0.0014369750837904744
2018-08-24,173.42153930664062,0.009249396469852665
2018-08-27,175.18917846679688,0.010141135765853172
2018-08-28,175.44573974609375,0.0014634100128503595
2018-08-29,177.47003173828125,0.01147193951843124
2018-08-30,177.15643310546875,-0.0017686142780984674
2018-08-31,177.3844757080078,0.0012864108390216672
2018-09-04,176.62420654296875,-0.004295207275949654
2018-09-05,174.34336853027344,-0.012997611657596986
2018-09-06,172.78469848632812,-0.008980434988485731
2018-09-07,172.11949157714844,-0.0038573479427174394
2018-09-10,172.69921875,0.003362507321734825
2018-09-11,174.0297088623047,0.007674563826161702
2018-09-12,173.5165252685547,-0.0029531838720802494
2018-09-13,175.3697509765625,0.010623766335492215
2018-09-14,174.85653686523438,-0.0029307593204304714
2018-09-17,172.3380889892578,-0.014507667229040606
2018-09-18,173.7636260986328,0.008237723817273526
2018-09-19,173.63058471679688,-0.0007659390064553001
2018-09-20,175.55032348632812,0.010995779361967047
2018-09-21,174.5904083251953,-0.005483038554524452
2018-09-24,175.07594299316406,0.0027771329908864843
2018-09-25,175.31402587890625,0.001358959693675022
2018-09-26,175.43777465820312,0.0007056202376833466
2018-09-27,176.92298889160156,0.008430127203953683
2018-09-28,176.88490295410156,-0.00021529162308068817
2018-10-01,177.24668884277344,0.00204322925667858
2018-10-02,176.8468475341797,-0.002258394675197807
2018-10-03,177.03724670410156,0.001076053947570125
2018-10-04,173.63839721679688,-0.01938518389884613
2018-10-05,171.51524353027344,-0.012302813678965054
2018-10-08,170.46798706054688,-0.0061246262955982475
2018-10-09,171.0202178955078,0.0032342629017838593
2018-10-10,163.49880981445312,-0.04497607193220864
2018-10-11,161.4709014892578,-0.01248076099664222
2018-10-12,165.96469116210938,0.027450111997292314
2018-10-15,163.9558563232422,-0.012177839058090733
2018-10-16,168.72567749023438,0.028676963142152855
2018-10-17,168.7923126220703,0.00039485381315247924
2018-10-18,164.8793487548828,-0.023455053024664656
2018-10-19,164.72702026367188,-0.000924305574006642
2018-10-22,165.5743408203125,0.0051306020207290415
2018-10-23,164.9650421142578,-0.003686697728810561
2018-10-24,157.41510009765625,-0.046847319551004955
2018-10-25,162.8609619140625,0.034010576479164695
2018-10-26,158.67185974121094,-0.026058547918652652
2018-10-29,155.40621948242188,-0.020795834947047703
2018-10-30,157.96731567382812,0.016345689261950173
2018-10-31,161.6803741455078,0.023233238399914494
2018-11-01,163.81300354003906,0.01310416775539395
2018-11-02,161.26145935058594,-0.01569853606843802
2018-11-05,160.861572265625,-0.0024828233385047207
2018-11-06,162.0802459716797,0.007547362541099285
2018-11-07,167.164306640625,0.030885642737887672
2018-11-08,166.0979766845703,-0.006399365595354305
2018-11-09,163.2988739013672,-0.016995731172134577
2018-11-12,158.35765075683594,-0.030726016762749955
2018-11-13,158.49095153808594,0.0008414162988192469
2018-11-14,157.2818145751953,-0.0076583100398153305
2018-11-15,160.0332489013672,0.01734240571862473
2018-11-16,159.4715576171875,-0.0035160151044522333
2018-11-19,154.29232788085938,-0.03301654813562498
2018-11-20,151.53135681152344,-0.01805645685215642
2018-11-21,152.68333435058594,0.007573487269068908
2018-11-23,151.57894897460938,-0.0072594618956748885
2018-11-26,155.08253479003906,0.02285085315718643
2018-11-27,155.606201171875,0.003371006522736434
2018-11-28,160.6140594482422,0.03167587670539095
2018-11-29,160.09039306640625,-0.003265728574315281
2018-11-30,161.25196838378906,0.007229550261695943
2018-12-03,164.0701141357422,0.017325699046644914
2018-12-04,157.7769012451172,-0.03911184392431022
2018-12-06,158.8908233642578,0.007035303108461589
2018-12-07,153.64488220214844,-0.03357334099558963
2018-12-10,155.25393676757812,0.010418098225403622
2018-12-11,155.76805114746094,0.0033059710766936918
2018-12-12,157.13900756835938,0.008762762968895874
2018-12-13,157.18658447265625,0.0003027237098403461
2018-12-14,153.3592529296875,-0.0246503084736417
2018-12-17,149.8842010498047,-0.02292022442011976
2018-12-18,150.8267822265625,0.006269037821664663
2018-12-19,147.1232147216797,-0.024861609701835714
2018-12-20,144.99057006835938,-0.014601724780277547
2018-12-21,140.496826171875,-0.03148380729982474
2018-12-24,137.0127410888672,-0.025110976842133682
2018-12-26,145.56776428222656,0.060567789937143304
2018-12-27,146.13104248046875,0.0038620582965313236
2018-12-28,146.0546875,-0.0005226468945759053
2018-12-31,147.28636169433594,0.008397607057238318
2019-01-02,147.87835693359375,0.004011292649064244
2019-01-03,143.0470733642578,-0.03321626274183879
2019-01-04,149.16726684570312,0.04189451212925825
2019-01-07,150.94322204589844,0.01183548057794353
2019-01-08,152.30859375,0.009004931606873066
2019-01-09,153.54981994628906,0.00811638950961974
2019-01-10,153.98898315429688,0.0028559876158007315
2019-01-11,153.42568969726562,-0.0036647182922844956
2019-01-14,152.06991577148438,-0.008875956330952232
2019-01-15,155.03929138183594,0.019338190309098065
2019-01-16,155.0106201171875,-0.00018494612426458117
2019-01-17,156.23277282714844,0.007853397174699451
2019-01-18,157.77955627441406,0.009851816725483707
2019-01-22,154.61915588378906,-0.020233810775025972
2019-01-23,154.81967163085938,0.001295996218357274
2019-01-24,155.822265625,0.0064550040104586716
2019-01-25,157.68406677246094,0.011877419002505189
2019-01-28,155.7362823486328,-0.012429374833018321
2019-01-29,154.2659149169922,-0.009486245394279695
2019-01-30,158.1900634765625,0.025119409891932835
2019-01-31,160.5579376220703,0.014857616022426889
2019-02-01,159.88009643554688,-0.004230722483203069
2019-02-04,161.86602783203125,0.012344867379935776
2019-02-05,163.2982635498047,0.008809362024629876
2019-02-06,162.811279296875,-0.0029866321032442555
2019-02-07,160.62481689453125,-0.013520418626202353
2019-02-08,160.93992614746094,0.0019598501428377407
2019-02-11,160.78713989257812,-0.0009497880812395156
2019-02-12,163.16455078125,0.014677827831379237
2019-02-13,163.27915954589844,0.0007021655846420455
2019-02-14,163.4796600341797,0.0012272079676526936
2019-02-15,164.16709899902344,0.004196226299274558
2019-02-19,164.49172973632812,0.001975488345333084
2019-02-20,164.4630889892578,-0.0001741317987293227
2019-02-21,163.861572265625,-0.0036641621396016903
2019-02-22,165.0741424560547,0.007372721348258353
2019-02-25,165.67568969726562,0.0036374797263745407
2019-02-26,165.84751892089844,0.0010366045848531143
2019-02-27,165.74253845214844,-0.0006331943309110196
2019-02-28,165.3606414794922,-0.0023068165161528554
2019-03-01,166.50636291503906,0.006904729739657537
2019-03-04,166.5349884033203,0.00017190350830865254
2019-03-05,166.6591033935547,0.0007450011811773208
2019-03-06,165.71385192871094,-0.005687911715624244
2019-03-07,163.68014526367188,-0.012348327681400092
2019-03-08,163.431884765625,-0.0015178930942445045
2019-03-11,166.83096313476562,0.020584806407369087
2019-03-12,167.74758911132812,0.005479300832104235
2019-03-13,169.0079345703125,0.007485260107215587
2019-03-14,168.7214813232422,-0.0016963480365121406
2019-03-15,170.287353515625,0.009238008969164348
2019-03-18,170.69288635253906,0.0023786306694818004
2019-03-19,171.2667999267578,0.0033566185494834735
2019-03-20,171.94595336914062,0.003957628743779086
2019-03-21,174.63380432128906,0.015511031916513837
2019-03-22,170.79808044433594,-0.022209192078038266
2019-03-25,170.47286987304688,-0.0019058795917274909
2019-03-26,171.2667999267578,0.0046464110094727555
2019-03-27,170.16677856445312,-0.006443567578777179
2019-03-28,170.55899047851562,0.002302215581741813
2019-03-29,171.85031127929688,0.007542592541490349
2019-04-01,174.12686157226562,0.013160308416463172
2019-04-02,174.7868194580078,0.0037829337664569145
2019-04-03,175.79119873046875,0.005729863073418059
2019-04-04,175.7242431640625,-0.0003809537746344081
2019-04-05,176.6329803466797,0.005158056294968533
2019-04-08,177.08255004882812,0.002541985893169474
2019-04-09,176.4607391357422,-0.0035175978346780154
2019-04-10,177.40769958496094,0.0053520608567382555
2019-04-11,176.98690795898438,-0.0023747078243547067
2019-04-12,177.75210571289062,0.004314151594440952
2019-04-15,177.78074645996094,0.00016111449030501584
2019-04-16,178.39295959472656,0.003437725622549207
2019-04-17,179.01470947265625,0.003479223077343445
2019-04-18,179.24423217773438,0.001281323142546556
2019-04-22,179.751220703125,0.0028244862622813934
2019-04-23,182.03738403320312,0.012638285065323341
2019-04-24,181.46340942382812,-0.003158040349499139
2019-04-25,182.19992065429688,0.0040505169288641086
2019-04-26,182.36256408691406,0.0008922664849797995
2019-04-29,182.7165069580078,0.0019389935499387263
2019-04-30,181.30081176757812,-0.007778214140550489
2019-05-01,180.71734619140625,-0.003223407823865307
2019-05-02,179.93296813964844,-0.004349805101196794
2019-05-03,182.8025665283203,0.015822316702543825
2019-05-06,181.68344116210938,-0.006140860606240169
2019-05-07,178.14427185058594,-0.019672100388641995
2019-05-08,177.69471740722656,-0.0025267308873251214
2019-05-09,176.7382049560547,-0.005397437500516254
2019-05-10,176.9581756591797,0.0012438393127052118
2019-05-13,170.8172607421875,-0.035319074482788385
2019-05-14,172.69203186035156,0.010915511010400801
2019-05-15,175.1311798095703,0.014025446558038586
2019-05-16,176.8912353515625,0.009999762132157721
2019-05-17,175.08334350585938,-0.01027294500050695
2019-05-20,172.12765502929688,-0.017025727221388506
2019-05-21,173.9259796142578,0.010393422251935442
2019-05-22,173.15115356445312,-0.004464871136237469
2019-05-23,170.5015411376953,-0.0154205974388761
2019-05-24,170.41551208496094,-0.0005046919991077741
2019-05-28,169.77464294433594,-0.0037677157276983534
2019-05-29,168.37811279296875,-0.008259806063674904
2019-05-30,169.08590698242188,0.004194789286284824
2019-05-31,166.3885040283203,-0.016081471477020725
2019-06-03,162.72500610351562,-0.02226374266565572
2019-06-04,167.3068084716797,0.027767606382675787
2019-06-05,168.55027770996094,0.007404785970842153
2019-06-06,169.88938903808594,0.007913483246648466
2019-06-07,173.17030334472656,0.019127950112132815
2019-06-10,175.18856811523438,0.011587403210652434
2019-06-11,175.42770385742188,0.001364088311833294
2019-06-12,174.41378784179688,-0.005796447125594449
2019-06-13,175.4468536376953,0.00590560169313646
2019-06-14,174.7007598876953,-0.004261601966405536
2019-06-17,175.75294494628906,0.0060047201989999735
2019-06-18,178.30686950683594,0.014426764925922767
2019-06-19,178.97645568847656,0.0037482127955339515
2019-06-20,180.6407928466797,0.009256224766823695
2019-06-21,180.3730010986328,-0.0014835543774453154
2019-06-24,180.37875366210938,3.189208867950406e-05
2019-06-25,177.2823028564453,-0.01731543378716235
2019-06-26,178.10675048828125,0.004639698961198611
2019-06-27,178.7873992919922,0.003814294122504619
2019-06-28,179.01744079589844,0.001285849210680227
2019-07-01,181.43325805664062,0.013404626163674657
2019-07-02,182.15223693847656,0.003954942256475139
2019-07-03,183.52313232421875,0.007497917133460058
2019-07-05,183.1492156982422,-0.0020395143381043484
2019-07-08,181.86463928222656,-0.007038536766483315
2019-07-09,182.77536010742188,0.0049951882426718126
2019-07-10,184.59677124023438,0.009915972942882042
2019-07-11,184.46255493164062,-0.0007273427603249535
2019-07-12,185.5266571044922,0.005752087207872729
2019-07-15,186.12103271484375,0.003198599821229441
2019-07-16,185.16238403320312,-0.005163984001072372
2019-07-17,184.25169372558594,-0.00493046804286151
2019-07-18,184.46255493164062,0.0011437650148316974
2019-07-19,183.1108856201172,-0.007354586893615473
2019-07-22,184.56796264648438,0.007925855190894268
2019-07-23,185.77590942382812,0.0065234024489026305
2019-07-24,187.0796661376953,0.006993388930937131
2019-07-25,185.30618286132812,-0.00952504876120432
2019-07-26,187.2139129638672,0.010242383171539126
2019-07-29,186.57159423828125,-0.0034368339352704226
2019-07-30,185.76634216308594,-0.004325389663124163
2019-07-31,183.19715881347656,-0.013926715611871966
2019-08-01,182.2864532470703,-0.004983574755263539
2019-08-02,179.6022491455078,-0.01483468983286523
2019-08-05,173.25601196289062,-0.035974340319128405
2019-08-06,175.68133544921875,0.013901421340568315
2019-08-07,176.63043212890625,0.005387835791786723
2019-08-08,180.47459411621094,0.021530419362747372
2019-08-09,178.77781677246094,-0.009446227273233935
2019-08-12,176.7262725830078,-0.01154173482084569
2019-08-13,180.59925842285156,0.021678481835221253
2019-08-14,175.2020721435547,-0.030340529052950236
2019-08-15,175.00071716308594,-0.0011499337458496304
2019-08-16,177.8095703125,0.015923075920855897
2019-08-19,180.6375732421875,0.01577951817863679
2019-08-20,179.2379913330078,-0.007778182811967456
2019-08-21,180.82928466796875,0.00883892428555841
2019-08-22,180.24453735351562,-0.0032389378015881313
2019-08-23,174.54061889648438,-0.03215698216059362
2019-08-26,177.17689514160156,0.014991153477440379
2019-08-27,176.80299377441406,-0.002112557904854627
2019-08-28,177.43569946289062,0.0035722035642406025
2019-08-29,180.14865112304688,0.01517406290719914
2019-08-30,179.71725463867188,-0.002397541329224428
2019-09-03,177.97251892089844,-0.009755658027418778
2019-09-04,180.54173278808594,0.014332807342828777
2019-09-05,183.8490447998047,0.018153054561873043
2019-09-06,183.6669464111328,-0.0009909685996186263
2019-09-09,183.28343200683594,-0.0020902801386398885
2019-09-10,182.75616455078125,-0.0028809332416316166
2019-09-11,184.47216796875,0.00934577077053191
2019-09-12,185.23907470703125,0.0041486855130735256
2019-09-13,184.57757568359375,-0.003577446976680611
2019-09-16,183.75314331054688,-0.004476595121326271
2019-09-17,184.6351318359375,0.0047883728669876465
2019-09-18,184.5584259033203,-0.0004155323521386264
2019-09-19,184.86514282226562,0.0016605166285392796
2019-09-20,182.90953063964844,-0.01063493903010158
2019-09-23,182.990234375,0.0004411248345952604
2019-09-24,180.5599822998047,-0.013369752866632459
2019-09-25,182.5868377685547,0.011162848763997703
2019-09-26,181.91439819335938,-0.003689646408329582
2019-09-27,179.65701293945312,-0.012486687358495343
2019-09-30,181.3668975830078,0.009472488547609592
2019-10-01,179.8875274658203,-0.008190229845021864
2019-10-02,176.79446411132812,-0.01734397005378362
2019-10-03,178.7349090576172,0.010915915031832927
2019-10-04,181.3668975830078,0.01461828486697244
2019-10-07,180.81935119628906,-0.003023564841021277
2019-10-08,178.11053466796875,-0.015094134339882255
2019-10-09,179.84918212890625,0.009714283769679866
2019-10-10,181.24200439453125,0.007714556463005976
2019-10-11,183.57620239257812,0.012796674110872368
2019-10-14,183.5569610595703,-0.00010481936768934941
2019-10-15,185.8911895751953,0.012636466429119824
2019-10-16,185.43006896972656,-0.0024836759646702064
2019-10-17,185.92002868652344,0.002638803674483604
2019-10-18,184.13328552246094,-0.009656754745067948
2019-10-21,185.766357421875,0.00882986799781122
2019-10-22,184.28701782226562,-0.007995319481719528
2019-10-23,184.64248657226562,0.001927028636998497
2019-10-24,186.43875122070312,0.0096813230931642
2019-10-25,187.92762756347656,0.007954155485469046
2019-10-28,189.78155517578125,0.009816772191065847
2019-10-29,188.3118438720703,-0.0077743685023291004
2019-10-30,189.2244415283203,0.004834499193880517
2019-10-31,189.3108673095703,0.0004566326085515284
2019-11-01,191.03028869628906,0.009041530599600535
2019-11-04,192.2118377685547,0.0061660904909893715
2019-11-05,192.31748962402344,0.0005495126150389229
2019-11-06,191.88522338867188,-0.002250199715440147
2019-11-07,192.52877807617188,0.00334824062741344
2019-11-08,193.29727172851562,0.003983632878197463
2019-11-11,193.03790283203125,-0.0013427145780708744
2019-11-12,193.59507751464844,0.0028821911044571774
2019-11-13,193.64306640625,0.00024785209102236565
2019-11-14,193.4893798828125,-0.0007939739124647615
2019-11-15,194.9110565185547,0.007320707454432354
2019-11-18,195.064697265625,0.0007879502944921552
2019-11-19,195.35293579101562,0.00147656536669822
2019-11-20,194.18099975585938,-0.006017137220300563
2019-11-21,193.74868774414062,-0.0022288172553560737
2019-11-22,193.8735809326172,0.000644406696368896
2019-11-25,196.16940307617188,0.01177228537275007
2019-11-26,196.54403686523438,0.0019079250395039682
2019-11-27,197.91763305664062,0.006964437095645383
2019-11-29,197.01467895507812,-0.004572711056921978
2019-12-02,194.99749755859375,-0.010291512975848174
2019-12-03,193.47021484375,-0.007863153282986635
2019-12-04,194.4499969482422,0.005051472741886579
2019-12-05,194.83421325683594,0.0019739636146587896
2019-12-06,196.9186553955078,0.010641718168201548
2019-12-09,196.02532958984375,-0.004546843208362952
2019-12-10,195.86203002929688,-0.000833400547327238
2019-12-11,196.89944458007812,0.005282681884124955
2019-12-12,198.3690948486328,0.007436245966025165
2019-12-13,199.02230834960938,0.003287509916076618
2019-12-16,201.02027893066406,0.009988872471463146
2019-12-17,201.13558959960938,0.0005734625856725924
2019-12-18,201.28924560546875,0.0007636507485839321
2019-12-19,202.54762268066406,0.0062321261226940695
2019-12-20,203.3641357421875,0.004023111653610398
2019-12-23,203.9012908935547,0.002637864290517083
2019-12-24,204.00723266601562,0.0005194388875158618
2019-12-26,205.807373046875,0.008785201569772876
2019-12-27,205.63406372070312,-0.0008424495976076561
2019-12-30,204.28636169433594,-0.006575456106338257
2019-12-31,204.67141723632812,0.0018831071353425195
2020-01-02,208.08883666992188,0.016559237432892296
2020-01-03,206.18276977539062,-0.009202080543602973
2020-01-06,207.51129150390625,0.006422747725140268
2020-01-07,207.48239135742188,-0.00013927993472971664
2020-01-08,209.0419158935547,0.007488311229285289
2020-01-09,210.81317138671875,0.00843751120337318
2020-01-10,210.2740936279297,-0.0025604101481100593
2020-01-13,212.6999969482422,0.011470820432160203
2020-01-14,211.86248779296875,-0.003945286132016824
2020-01-15,211.94911193847656,0.0004087861057554326
2020-01-16,213.9803466796875,0.009537965026883036
2020-01-17,215.03927612304688,0.004936518226743551
2020-01-21,214.9429931640625,-0.00044784619027786503
2020-01-22,215.510986328125,0.0026390439897155974
2020-01-23,216.2041015625,0.0032109872892716407
2020-01-24,214.38467407226562,-0.008450932404827373
2020-01-27,209.95639038085938,-0.020872099470642457
2020-01-28,213.1813201904297,0.015243227786473957
2020-01-29,213.5278778076172,0.0016243272702394348
2020-01-30,214.2884063720703,0.003555401669934808
2020-01-31,210.8902130126953,-0.015985120437157174
2020-02-03,214.07666015625,0.01499649531521263
2020-02-04,218.9765625,0.022630527637657938
2020-02-05,219.6985626220703,0.003291733370137396
2020-02-06,221.59498596191406,0.008594891179900985
2020-02-07,220.64198303222656,-0.00430992644988839
2020-02-10,223.30857849121094,0.012013173355144277
2020-02-11,223.34703063964844,0.0001721780617836951
2020-02-12,225.5226593017578,0.009693885544417224
2020-02-13,225.23385620117188,-0.0012814152659876802
2020-02-14,225.8788604736328,0.002859616624216851
2020-02-18,225.9654998779297,0.0003834922507001752
2020-02-19,228.1314697265625,0.009539752167939059
2020-02-20,226.01364135742188,-0.009326726940524135
2020-02-21,221.6720428466797,-0.019396352301985238
2020-02-24,213.12355041503906,-0.039326958694315926
2020-02-25,207.32830810546875,-0.0275684800990783
2020-02-26,208.39691162109375,0.005140923948976937
2020-02-27,197.96165466308594,-0.051371141671259134
2020-02-28,198.11573791503906,0.0007780462233559397
2020-03-02,208.3391571044922,0.05031591993416412
2020-03-03,201.65830993652344,-0.03259258460629402
2020-03-04,210.07196044921875,0.04087541065287416
2020-03-05,203.6894989013672,-0.0308533707069437
2020-03-06,200.25279235839844,-0.017016239905995045
2020-03-09,186.34234619140625,-0.07199497735313566
2020-03-10,196.48880004882812,0.05301987961828039
2020-03-11,187.9307403564453,-0.044531939884136416
2020-03-12,170.6990966796875,-0.09617115466629231
2020-03-13,185.15826416015625,0.0813086033814925
2020-03-16,162.97853088378906,-0.1275924615464613
2020-03-17,175.33914184570312,0.0731035721558791
2020-03-18,170.00596618652344,-0.030888520269130408
2020-03-19,171.02638244628906,0.005984296264562719
2020-03-20,164.32627868652344,-0.03996387234598912
2020-03-23,164.4449462890625,0.0007218856072406326
2020-03-24,177.17910766601562,0.07458528748284135
2020-03-25,175.8671112060547,-0.00743246877917647
2020-03-26,185.12838745117188,0.05132091072502884
2020-03-27,178.7613067626953,-0.03499813641368544
2020-03-30,185.2634735107422,0.03572755884326548
2020-03-31,183.68128967285156,-0.008576858624273003
2020-04-01,175.87677001953125,-0.04341855494825047
2020-04-02,179.4462127685547,0.020091933248901482
2020-04-03,176.8993377685547,-0.014294655086603273
2020-04-06,189.5467529296875,0.0690548537766835
2020-04-07,189.46958923339844,-0.00040717873490520295
2020-04-08,193.49246215820312,0.021010023791372658
2020-04-09,193.77223205566406,0.0014448512880802296
2020-04-13,195.86563110351562,0.010745460791139996
2020-04-14,204.38401794433594,0.042571796640823736
2020-04-15,202.03976440429688,-0.011536133661622898
2020-04-16,205.72500610351562,0.0180758236453808
2020-04-17,207.69302368164062,0.009520786720890429
2020-04-20,205.23301696777344,-0.011915140125212234
2020-04-21,197.66001892089844,-0.03759752308327519
2020-04-22,203.52549743652344,0.029242812889814816
2020-04-23,203.09133911132812,-0.0021354673548170636
2020-04-24,206.294189453125,0.015647429952570933
2020-04-27,207.95346069335938,0.008011053839686167
2020-04-28,204.03671264648438,-0.01901436639375522
2020-04-29,211.27210998535156,0.034846981807080256
2020-04-30,211.18533325195312,-0.0004108188221465394
2020-05-01,205.23301696777344,-0.028590102835158338
2020-05-04,207.62548828125,0.011589917920852984
2020-05-05,209.9793701171875,0.011273368678013651
2020-05-06,211.27210998535156,0.006137635058438273
2020-05-07,213.99261474609375,0.012794580480995346
2020-05-08,216.92529296875,0.013611518337750825
2020-05-11,218.86439514160156,0.008899315534355731
2020-05-12,214.28201293945312,-0.02115937282959344
2020-05-13,211.60009765625,-0.012594803439083662
2020-05-14,214.0022430419922,0.011288334974050728
2020-05-15,215.39144897460938,0.006470569109013563
2020-05-18,219.40460205078125,0.018460457659449314
2020-05-19,218.854736328125,-0.002509317945020236
2020-05-20,223.22491455078125,0.01977164331408121
2020-05-21,220.79383850097656,-0.010950439935281978
2020-05-22,221.55593872070312,0.00344569394172835
2020-05-26,220.95779418945312,-0.002703395854423413
2020-05-27,222.16368103027344,0.005442705375799111
2020-05-28,221.87428283691406,-0.0013034841967773548
2020-05-29,225.12539672851562,0.014546637813256585
2020-06-01,225.80062866210938,0.002994870112907037
2020-06-02,227.31527709960938,0.006685503906579427
2020-06-03,228.33787536621094,0.004488501738194157
2020-06-04,226.7364959716797,-0.007037908989688449
2020-06-05,231.2320098876953,0.019633045764729896
2020-06-08,233.0263671875,0.007730032771895852
2020-06-09,234.71463012695312,0.007218825292733352
2020-06-10,237.5316162109375,0.01193029915232137
2020-06-11,225.76205444335938,-0.05081914731876869
2020-06-12,227.5564422607422,0.007916717284953384
2020-06-15,230.32518005371094,0.012093831263043179
2020-06-16,234.280517578125,0.017027053715666096
2020-06-17,235.02334594726562,0.00316566321832606
2020-06-18,235.66001892089844,0.0027053149078856897
2020-06-19,235.62142944335938,-0.00016376404273598207
2020-06-22,238.44723510742188,0.011921644873710202
2020-06-23,240.47659301757812,0.008474709073930097
2020-06-24,235.51901245117188,-0.02083111600452883
2020-06-25,237.7610321044922,0.009474459996362634
2020-06-26,232.1463165283203,-0.023898254905258157
2020-06-29,234.67825317382812,0.010847593025711113
2020-06-30,239.2782745361328,0.019411762638363493
2020-07-01,242.07110595703125,0.01160430603721158
2020-07-02,243.71400451660156,0.0067639159281394304
2020-07-06,249.70558166503906,0.02428712532516386
2020-07-07,247.9854278564453,-0.006912564724969782
2020-07-08,251.25180053710938,0.013085639869201134
2020-07-09,253.36819458007812,0.008388119664912295
2020-07-10,255.09808349609375,0.006804367034757272
2020-07-13,249.85064697265625,-0.02078478513297732
2020-07-14,251.6190643310547,0.007052967105531078
2020-07-15,252.13125610351562,0.002033515129160269
2020-07-16,250.41107177734375,-0.006845954854221607
2020-07-17,250.70101928710938,0.0011572163086571354
2020-07-20,257.813720703125,0.027976240445995632
2020-07-21,255.12705993652344,-0.010475616044371432
2020-07-22,256.02581787109375,0.0035165951314920607
2020-07-23,249.33840942382812,-0.026467242702546155
2020-07-24,246.9707489013672,-0.009541143636263858
2020-07-27,251.37742614746094,0.01768559543821198
2020-07-28,248.17872619628906,-0.012806342799522832
2020-07-29,251.0392608642578,0.011460187932409677
2020-07-30,252.35353088378906,0.005221660012958729
2020-07-31,256.8568420410156,0.01768789013515913
2020-08-03,260.3262634277344,0.013416808841230862
2020-08-04,261.2925720214844,0.0037050414344060923
2020-08-05,261.940185546875,0.0024754331479643864
2020-08-06,265.4095153808594,0.013157795977877073
2020-08-07,262.34588623046875,-0.0116101646887414
2020-08-10,261.2250061035156,-0.004281681261390654
2020-08-11,256.2770690917969,-0.019122967931382982
2020-08-12,262.72283935546875,0.024840473386414628
2020-08-13,263.32208251953125,0.0022782975306793406
2020-08-14,263.0129089355469,-0.0011748168925255346
2020-08-17,266.0666198730469,0.011543613696387789
2020-08-18,268.6275329589844,0.009579056192902655
2020-08-19,266.8204650878906,-0.006749767441163833
2020-08-20,270.52166748046875,0.013776179843495377
2020-08-21,272.39642333984375,0.006906247342414006
2020-08-24,274.0972900390625,0.006224672487416646
2020-08-25,276.2523193359375,0.00783153208312999
2020-08-26,282.14727783203125,0.021114547839672863
2020-08-27,281.2679748535156,-0.0031213343558772473
2020-08-28,282.6982116699219,0.005072076719373777
2020-08-31,284.96923828125,0.008001299801806876
2020-09-01,289.8398742675781,0.01694737419942093
2020-09-02,292.5843200683594,0.009424286079686836
2020-09-03,277.750244140625,-0.05203059135349906
2020-09-04,274.0489501953125,-0.013415566733649449
2020-09-08,260.8771057128906,-0.049257303683811426
2020-09-09,268.54058837890625,0.028952632575040518
2020-09-10,263.1867370605469,-0.020138262596939138
2020-09-11,261.3603210449219,-0.006963811419204341
2020-09-14,265.91192626953125,0.01726515404976306
2020-09-15,269.680908203125,0.01407428892206668
2020-09-16,265.3804931640625,-0.016074819188519916
2020-09-17,261.234619140625,-0.015745691995246554
2020-09-18,257.900634765625,-0.01284455327286519
2020-09-21,258.5190734863281,0.0023951023032669993
2020-09-22,263.32208251953125,0.018408454797456623
2020-09-23,255.28167724609375,-0.03101037910115493
2020-09-24,256.4703063964844,0.004645341203764498
2020-09-25,262.4329833984375,0.0229828547239881
2020-09-28,267.8834533691406,0.020556262339349186
2020-09-29,266.6754455566406,-0.004519651141466225
2020-09-30,268.50189208984375,0.006825601518297408
2020-10-01,272.7637023925781,0.01574790055728614
2020-10-02,265.090576171875,-0.028534296908947543
2020-10-05,270.7438659667969,0.021101665453510242
2020-10-06,265.91192626953125,-0.018008080210785656
2020-10-07,270.51202392578125,0.017151398336189262
2020-10-08,271.95196533203125,0.0053089046158328965
2020-10-09,276.1073303222656,0.015164215446205102
2020-10-12,284.6310119628906,0.030403978457164384
2020-10-13,284.6213073730469,-3.4095916749199683e-05
2020-10-14,282.2439880371094,-0.008387647974668724
2020-10-15,280.3498840332031,-0.006733493749148494
2020-10-16,278.8133544921875,-0.005495831280079513
2020-10-19,274.2615661621094,-0.01646030558266095
2020-10-20,274.8511047363281,0.0021472416572248867
2020-10-21,274.6384582519531,-0.0007739782857163961
2020-10-22,274.62884521484375,-3.500312889432834e-05
2020-10-23,275.1700134277344,0.001968604987639605
2020-10-26,271.0435485839844,-0.01510963343567815
2020-10-27,273.1598205566406,0.007777543324634164
2020-10-28,262.51031494140625,-0.03976667090146568
2020-10-29,267.10064697265625,0.017335166049818634
2020-10-30,260.3262634277344,-0.02568983864931522
2020-11-02,260.9061584472656,0.0022250928163756512
2020-11-03,265.41912841796875,0.017149396727993118
2020-11-04,277.26708984375,0.043671071665926486
2020-11-05,284.4956970214844,0.0257368638618769
2020-11-06,284.70831298828125,0.0007470642263456579
2020-11-09,278.890625,-0.02064551310371569
2020-11-10,273.8944091796875,-0.018077015712424184
2020-11-11,280.02130126953125,0.022123012080820206
2020-11-12,278.7069396972656,-0.004704841818980313
2020-11-13,281.1519470214844,0.00873442550033083
2020-11-16,283.3456115722656,0.007772134918675204
2020-11-17,282.4468994140625,-0.0031768285955966766
2020-11-18,280.3594970703125,-0.007417868483195754
2020-11-19,282.5532531738281,0.007794341871865167
2020-11-20,280.62042236328125,-0.006864093559061366
2020-11-23,280.630126953125,3.458202350631176e-05
2020-11-24,284.5730285644531,0.013952383443096437
2020-11-25,286.3221740722656,0.006127748045510612
2020-11-27,288.9603576660156,0.009171848413459567
2020-11-30,289.54986572265625,0.0020380219289216337
2020-12-01,293.2608642578125,0.012735004688046038
2020-12-02,293.6376647949219,0.001284039983840509
2020-12-03,294.05322265625,0.001414205799206025
2020-12-04,295.2515869140625,0.004067049479946613
2020-12-07,296.9234313964844,0.005646468941180836
2020-12-08,297.928466796875,0.003379114565386097
2020-12-09,291.1830749511719,-0.022901220484585736
2020-12-10,292.35247802734375,0.004007997921114036
2020-12-11,291.7049560546875,-0.002217323845797565
2020-12-14,293.82135009765625,0.007229062938776461
2020-12-15,296.9621276855469,0.010632684547659232
2020-12-16,298.5953369140625,0.005484654024838
2020-12-17,300.5473937988281,0.0065161895215989155
2020-12-18,299.6390075683594,-0.0030270160137410703
2020-12-21,299.0784606933594,-0.001872492681435422
2020-12-22,299.8916931152344,0.002715437209711076
2020-12-23,298.3813781738281,-0.005048925723897808
2020-12-24,299.69805908203125,0.004403037300271207
2020-12-28,302.71868896484375,0.010028456904446934
2020-12-29,302.9897155761719,0.0008949079371661439
2020-12-30,302.9994201660156,3.202892353074123e-05
2020-12-31,303.7449035644531,0.002457324261342414
2021-01-04,299.4560241699219,-0.014220640168854593
2021-01-05,301.9247131347656,0.00821011608363506
2021-01-06,297.74237060546875,-0.013949107624314961
2021-01-07,304.94537353515625,0.02390407298726916
2021-01-08,308.8664245605469,0.012776243057845405
2021-01-11,304.4032897949219,-0.014555467058355495
2021-01-12,303.9191589355469,-0.0015916919146968583
2021-01-13,305.9715576171875,0.006730407181022861
2021-01-14,304.33551025390625,-0.005361403687994878
2021-01-15,301.9247131347656,-0.007953052940775421
2021-01-19,306.3297424316406,0.014484419375156415
2021-01-20,313.45538330078125,0.022994920509663855
2021-01-21,315.9628601074219,0.007967643448971452
2021-01-22,315.0528869628906,-0.0028841555208275597
2021-01-25,317.65716552734375,0.008232185537771473
2021-01-26,318.1217956542969,0.0014616092637145168
2021-01-27,309.253662109375,-0.028272461546295452
2021-01-28,311.08343505859375,0.005899303021475184
2021-01-29,304.5387268066406,-0.02126289543572073
2021-02-01,312.1483459472656,0.02468028189613443
2021-02-02,317.2408142089844,0.016182609161112537
2021-02-03,315.9822082519531,-0.0039752427496141125
2021-02-04,319.7192077636719,0.011757225846364181
2021-02-05,320.8035583496094,0.0033858331950365333
2021-02-08,322.95281982421875,0.006677275854830892
2021-02-09,322.8851013183594,-0.00020970743243988626
2021-02-10,322.1492919921875,-0.0022814586414717252
2021-02-11,323.9209899902344,0.0054845501752766816
2021-02-12,325.7314453125,0.005573626483160409
2021-02-16,324.85040283203125,-0.00270847710117007
2021-02-17,323.29156494140625,-0.004810183490079093
2021-02-18,321.8782043457031,-0.004381367273964525
2021-02-19,320.474365234375,-0.004370937123469977
2021-02-22,312.16778564453125,-0.02626147173146527
2021-02-23,311.2384033203125,-0.0029816290861274207
2021-02-24,313.8038330078125,0.008208866359545588
2021-02-25,302.8638610839844,-0.03548465384653029
2021-02-26,304.13214111328125,0.004178880488089809
2021-03-01,313.28106689453125,0.029638483221287284
2021-03-02,308.2565002441406,-0.016168535504216985
2021-03-03,299.31085205078125,-0.029449557088153392
2021-03-04,294.4119873046875,-0.01650256853351614
2021-03-05,298.8460998535156,0.01494862089717127
2021-03-08,290.3845520019531,-0.028722638719703222
2021-03-09,301.83770751953125,0.038683394658287296
2021-03-10,300.9760437011719,-0.002858808059583082
2021-03-11,307.9078369140625,0.022769834847758706
2021-03-12,305.4101257324219,-0.008144959521823475
2021-03-15,308.6727294921875,0.010626039893713149
2021-03-16,310.3669738769531,0.005473796287544473
2021-03-17,311.6448669433594,0.004108908481945318
2021-03-18,302.0989990234375,-0.03110951754562832
2021-03-19,303.16400146484375,0.0035191430490943178
2021-03-22,308.8492736816406,0.018579452411241943
2021-03-23,307.50189208984375,-0.004372130087349851
2021-03-24,302.3157653808594,-0.017009188497961486
2021-03-25,301.7923583984375,-0.0017328259388942225
2021-03-26,306.3193359375,0.014888913366366292
2021-03-29,306.2320556640625,-0.0002849729025999374
2021-03-30,304.69073486328125,-0.005045888269269965
2021-03-31,309.3534240722656,0.015187112395521158
2021-04-01,314.6267395019531,0.016902591732028606
2021-04-05,320.9082336425781,0.019768223506131232
2021-04-06,320.68524169921875,-0.0006951191397934197
2021-04-07,321.46075439453125,0.0024153792971134173
2021-04-08,324.8147888183594,0.010379673413211932
2021-04-09,326.7825927734375,0.006039956552826099
2021-04-12,326.3561096191406,-0.001305949910328927
2021-04-13,330.1656799316406,0.01160544289958683
2021-04-14,326.200927734375,-0.012081054620273292
2021-04-15,331.1446838378906,0.015041856915463047
2021-04-16,331.53253173828125,0.0011705486036323873
2021-04-19,328.49835205078125,-0.009194118444208026
2021-04-20,326.1040954589844,-0.00731517970229024
2021-04-21,328.8958740234375,0.00852456671952033
2021-04-22,324.93115234375,-0.012127887394735588
2021-04-23,329.0219421386719,0.012511121025685865
2021-04-26,331.1640930175781,0.006489559859719312
2021-04-27,329.7294006347656,-0.004341681830062452
2021-04-28,328.6146545410156,-0.0033865184939658316
2021-04-29,329.79736328125,0.0035926136835573055
2021-04-30,327.6355895996094,-0.00657643175157718
2021-05-03,325.8907470703125,-0.0053397899283721476
2021-05-04,320.0260925292969,-0.018159661887687518
2021-05-05,318.9501647949219,-0.003367664256372598
2021-05-06,321.3540954589844,0.0075087489120520675
2021-05-07,323.9617919921875,0.008081966609110935
2021-05-10,315.7803039550781,-0.025578851741909304
2021-05-11,315.3441162109375,-0.0013822561753367255
2021-05-12,307.18206787109375,-0.02622384821692529
2021-05-13,309.5569763183594,0.007701539924704892
2021-05-14,316.3908996582031,0.02183630665863251
2021-05-17,314.4717102050781,-0.0060843528962123755
2021-05-18,312.3487548828125,-0.006773752798217701
2021-05-19,312.7073669433594,0.001147455683967967
2021-05-20,318.7562255859375,0.019158804204720395
2021-05-21,316.9920654296875,-0.005549884158143569
2021-05-24,322.3235778808594,0.016679197847510097
2021-05-25,322.7694396972656,0.0013823181316589502
2021-05-26,323.89385986328125,0.0034776097545231406
2021-05-27,322.6822509765625,-0.003747773184236696
2021-05-28,323.70001220703125,0.0031491027199223973
2021-06-01,322.6240539550781,-0.0033294729447208658
2021-06-02,323.25408935546875,0.0019509426251731123
2021-06-03,319.8904113769531,-0.010460195631180015
2021-06-04,325.3188171386719,0.016827204606291526
2021-06-07,326.2881774902344,0.002975293619152532
2021-06-08,326.4433288574219,0.0004753910868425057
2021-06-09,326.52081298828125,0.00023733043289028217
2021-06-10,329.92333984375,0.010366631532512396
2021-06-11,330.7861022949219,0.002611625887343672
2021-06-14,333.95587158203125,0.009536913378624957
2021-06-15,331.77484130859375,-0.006552313223189096
2021-06-16,330.5632019042969,-0.0036586778255862096
2021-06-17,334.7603759765625,0.012617108099472085
2021-06-18,332.1334228515625,-0.007878216041908099
2021-06-21,334.1976623535156,0.0061958571388781684
2021-06-22,337.3129577636719,0.009278536084950769
2021-06-23,337.47796630859375,0.0004890657011658189
2021-06-24,339.564453125,0.006163553011967231
2021-06-25,339.14715576171875,-0.0012296751975370264
2021-06-28,343.2717590332031,0.012088332865740696
2021-06-29,344.5139465332031,0.003612139189784438
2021-06-30,343.9705505371094,-0.001578528234811418
2021-07-01,344.10638427734375,0.0003948213786167929
2021-07-02,348.0562744140625,0.011413308603905667
2021-07-06,349.56060791015625,0.004312785042736886
2021-07-07,350.29815673828125,0.002107708407533364
2021-07-08,348.1824645996094,-0.00605800231078726
2021-07-09,350.3563232421875,0.006224037084564766
2021-07-12,351.72479248046875,0.0038983272464731475
2021-07-13,351.72479248046875,0.0
2021-07-14,352.3555603027344,0.0017917500141055188
2021-07-15,349.8808288574219,-0.007048172747012979
2021-07-16,347.0470275878906,-0.008132310571229758
2021-07-19,344.2034912109375,-0.008227270255974159
2021-07-20,348.2018737792969,0.011549381952230415
2021-07-21,350.89013671875,0.007690765019451486
2021-07-22,353.20953369140625,0.00658828702718428
2021-07-23,357.3341979980469,0.011610012033570254
2021-07-26,357.6156311035156,0.0007872807532766834
2021-07-27,353.6754455566406,-0.011079081348269713
2021-07-28,355.0341491699219,0.003834307558468216
2021-07-29,355.66497802734375,0.001775235114130245
2021-07-30,353.8112487792969,-0.005225639412194233
2021-08-02,353.8404235839844,8.245526957232805e-05
2021-08-03,355.985107421875,0.006042866227034589
2021-08-04,356.49957275390625,0.0014441445149849627
2021-08-05,358.76080322265625,0.00632283872569205
2021-08-06,357.1886291503906,-0.0043918649229852105
2021-08-09,357.8484802246094,0.0018456420034057845
2021-08-10,356.01434326171875,-0.005138637112063854
2021-08-11,355.4029235839844,-0.001718878235790065
2021-08-12,356.6839599609375,0.0035979816186021696
2021-08-13,357.9359436035156,0.0035039184250621634
2021-08-16,358.0911560058594,0.0004335377944759637
2021-08-17,354.9370422363281,-0.008847151769138384
2021-08-18,351.5209655761719,-0.009671072442257239
2021-08-19,353.2193298339844,0.004819839469214923
2021-08-20,356.8780517578125,0.01030493674750385
2021-08-23,362.2157287597656,0.014845838417915888
2021-08-24,363.3221130371094,0.0030498344019898806
2021-08-25,363.7393798828125,0.0011478173320367167
2021-08-26,361.4295654296875,-0.006370438997844123
2021-08-27,364.94287109375,0.00967364091778426
2021-08-30,369.0382995605469,0.01115960772046133
2021-08-31,368.7373962402344,-0.0008157041190421057
2021-09-01,369.3487548828125,0.001656605482876615
2021-09-02,369.1741943359375,-0.00047272884427073834
2021-09-03,370.30963134765625,0.0030708931408192585
2021-09-07,370.8336181640625,0.0014139962930398897
2021-09-08,369.54296875,-0.0034864709237055645
2021-09-09,368.2716064453125,-0.0034462956025953125
2021-09-10,365.47650146484375,-0.007618741283363104
2021-09-13,365.2242431640625,-0.0006904558744659247
2021-09-14,364.18585205078125,-0.0028472098798159933
2021-09-15,366.8934631347656,0.007407194835093373
2021-09-16,367.145751953125,0.0006873987740924932
2021-09-17,362.7980041503906,-0.011912696513522237
2021-09-20,355.3014221191406,-0.02087971138066007
2021-09-21,355.7386779785156,0.001229905076896345
2021-09-22,359.0614013671875,0.009296997629735317
2021-09-23,362.3744812011719,0.0091847472653915
2021-09-24,362.7144470214844,0.0009377217938148226
2021-09-27,359.8192138671875,-0.008014155760319249
2021-09-28,349.6371765136719,-0.028705743341682105
2021-09-29,349.06396484375,-0.001640792506530839
2021-09-30,347.781494140625,-0.003680793594978928
2021-10-01,349.9383544921875,0.006182616780183366
2021-10-04,342.5933837890625,-0.02121273501060436
2021-10-05,347.2179870605469,0.013408513556450504
2021-10-06,349.4429016113281,0.0063873891915870555
2021-10-07,352.64898681640625,0.009133013907082623
2021-10-08,350.8905334472656,-0.004998886289409144
2021-10-11,348.1993713378906,-0.007699082433763895
2021-10-12,346.9848327636719,-0.003494152492979084
2021-10-13,349.76348876953125,0.007976110314415408
2021-10-14,356.2049560546875,0.018249104752817862
2021-10-15,358.44927978515625,0.006280886605125939
2021-10-18,362.05389404296875,0.01000590826704636
2021-10-19,364.7936096191406,0.007538661239159311
2021-10-20,364.3175964355469,-0.0013057356608215589
2021-10-21,366.5425109863281,0.006088501482806593
2021-10-22,363.4626159667969,-0.008438059350693201
2021-10-25,367.1836242675781,0.010185614504057633
2021-10-26,368.33984375,0.0031439389362011723
2021-10-27,369.19482421875,0.00231848315440041
2021-10-28,373.2947998046875,0.011043971863839435
2021-10-29,375.1310119628906,0.004906874705819815
2021-11-01,376.4135437011719,0.0034130590758187276
2021-11-02,377.9873962402344,0.004172462517103473
2021-11-03,382.0,0.010559756822690206
2021-11-04,386.8966979980469,0.012737118553384821
2021-11-05,387.2658996582031,0.0009538091591200913
2021-11-08,386.74127197265625,-0.0013556147413555024
2021-11-09,384.0792236328125,-0.006907078725515055
2021-11-10,378.4344482421875,-0.01480597323723069
2021-11-11,379.4837646484375,0.002768945405543934
2021-11-12,383.4768371582031,0.01046740541827174
2021-11-15,383.38934326171875,-0.00022818556639467137
2021-11-16,386.11944580078125,0.007095731803921354
2021-11-17,386.3235168457031,0.0005283782998566294
2021-11-18,390.3263854980469,0.010308130046199999
2021-11-19,392.5026550292969,0.005560026583058755
2021-11-22,387.9460144042969,-0.011677109796026626
2021-11-23,386.177734375,-0.004568476571251087
2021-11-24,387.4214172363281,0.0032153187608821186
2021-11-26,380.076416015625,-0.01914070671749361
2021-11-29,388.324951171875,0.02147016485205635
2021-11-30,382.62188720703125,-0.01479523026333766
2021-12-01,376.1123352050781,-0.01715939925810857
2021-12-02,378.822998046875,0.007181209757749104
2021-12-03,372.2358093261719,-0.017541522885892724
2021-12-06,375.218505859375,0.007980989084652081
2021-12-07,386.5177917480469,0.029669361382629055
2021-12-08,388.247314453125,0.004464644997879798
2021-12-09,382.5344543457031,-0.014823819018456023
2021-12-10,386.6927185058594,0.010811642678146442
2021-12-13,381.1062316894531,-0.014552209014267563
2021-12-14,377.16168212890625,-0.010404199019511893
2021-12-15,385.7600402832031,0.02254155828332735
2021-12-16,375.84027099609375,-0.02605127690695256
2021-12-17,373.9652404785156,-0.005001388753125562
2021-12-20,370.33758544921875,-0.009747870431654093
2021-12-21,378.6258850097656,0.022133624008865187
2021-12-22,383.237060546875,0.012105147971645165
2021-12-23,386.12615966796875,0.007510399835620071
2021-12-27,392.5078430175781,0.016392364650400146
2021-12-28,390.6886901855469,-0.0046454651582427025
2021-12-29,390.6302795410156,-0.00014951805063811085
2021-12-30,389.46295166015625,-0.002992792926446118
2021-12-31,387.0309753417969,-0.00626401362821811
2022-01-03,390.7568359375,0.009580734080685582
2022-01-04,385.6883850097656,-0.013055712842587198
2022-01-05,373.8397216796875,-0.031202596806328503
2022-01-06,373.5769958496094,-0.0007030237208700972
2022-01-07,369.53021240234375,-0.010891627499365572
2022-01-10,369.77337646484375,0.0006578192637783507
2022-01-11,375.3280029296875,0.01490999619978799
2022-01-12,376.8164978027344,0.003958007576483272
2022-01-13,367.3899841308594,-0.02533441479560575
2022-01-14,369.67608642578125,0.006203269196920918
2022-01-18,360.47332763671875,-0.025209213272834548
2022-01-19,356.5140380859375,-0.011044350250493287
2022-01-20,351.8834533691406,-0.013073594209435517
2022-01-21,342.1261901855469,-0.02812037623180402
2022-01-24,343.6924133300781,0.0045674639309719245
2022-01-25,335.72509765625,-0.02345444674009941
2022-01-26,335.1997985839844,-0.0015658956242247284
2022-01-27,331.82415771484375,-0.010121584557065366
2022-01-28,342.2332763671875,0.03088741601510228
2022-01-31,353.1772766113281,0.031477531722472106
2022-02-01,355.5800476074219,0.006780262069931151
2022-02-02,358.4693908691406,0.008092882301256689
2022-02-03,343.93560791015625,-0.041388821732173085
2022-02-04,348.2742919921875,0.012535911147301654
2022-02-07,345.47265625,-0.008076867162716595
2022-02-08,349.3541259765625,0.01117259783809755
2022-02-09,356.7572021484375,0.020969349008984135
2022-02-10,348.68292236328125,-0.02289246704904121
2022-02-11,337.6221923828125,-0.03223548103441191
2022-02-14,338.0404357910156,0.0012380245530342713
2022-02-15,346.4455261230469,0.02456007365937695
2022-02-16,346.35791015625,-0.0002529316763627092
2022-02-17,336.0558776855469,-0.03019521405642165
2022-02-18,332.22308349609375,-0.0114707672636993
2022-02-22,328.88629150390625,-0.010094609011948275
2022-02-23,320.4618225097656,-0.02594892176508643
2022-02-24,331.2308349609375,0.03305236817369316
2022-02-25,336.3672180175781,0.01538795503265232
2022-02-28,337.3691711425781,0.002974320163718093
2022-03-01,332.20355224609375,-0.01542990388451206
2022-03-02,337.7778015136719,0.0166403971179573
2022-03-03,332.95269775390625,-0.014387856231293555
2022-03-04,328.1275329589844,-0.01459807829335034
2022-03-07,316.02587890625,-0.037578247303520336
2022-03-08,314.556884765625,-0.004659172063208131
2022-03-09,325.8802795410156,0.03536513980219472
2022-03-10,322.2615051269531,-0.011166729575023451
2022-03-11,315.57830810546875,-0.020956489299725177
2022-03-14,309.51776123046875,-0.019391377041497827
2022-03-15,319.2263488769531,0.0308849314465054
2022-03-16,331.06536865234375,0.036415435478595645
2022-03-17,335.0733947753906,0.012033752455903659
2022-03-18,341.93157958984375,0.020261060658813487
2022-03-21,340.9809265136719,-0.0027841156275269564
2022-03-22,347.68212890625,0.019462097924924402
2022-03-23,342.6855163574219,-0.014475475007344193
2022-03-24,350.30224609375,0.021983177438440377
2022-03-25,350.0101318359375,-0.0008342399305225748
2022-03-28,355.42559814453125,0.015353837252629635
2022-03-29,361.54229736328125,0.01706310048877588
2022-03-30,357.5489501953125,-0.011106763524424794
2022-03-31,353.1171875,-0.012472298621967264
2022-04-01,352.44512939453125,-0.0019050289184260197
2022-04-04,359.70147705078125,0.020379508190197654
2022-04-05,351.714599609375,-0.02245440687342581
2022-04-06,344.0782775878906,-0.021950867545352616
2022-04-07,344.8965759277344,0.0023754095536106267
2022-04-08,340.07513427734375,-0.01407801580308567
2022-04-11,332.0299072265625,-0.023941529498614784
2022-04-12,330.6272888183594,-0.0042333215764323385
2022-04-13,337.3479919433594,0.02012328932210043
2022-04-14,329.6337890625,-0.023132706472231587
2022-04-18,329.8869934082031,0.0007678434550461888
2022-04-19,337.26031494140625,0.0221049284698281
2022-04-20,332.3415832519531,-0.014691774851219752
2022-04-21,325.4650573730469,-0.02090819994846365
2022-04-22,316.94244384765625,-0.026534913022709914
2022-04-25,321.0138244628906,0.01276399682226877
2022-04-26,308.8971862792969,-0.038475698022290304
2022-04-27,308.52703857421875,-0.001199006240839162
2022-04-28,319.4847412109375,0.03490002953677667
2022-04-29,305.1082458496094,-0.04604289627021799
2022-05-02,310.20233154296875,0.016558148902662245
2022-05-03,310.5334777832031,0.0010669475376583035
2022-05-04,321.0333251953125,0.033253220040248437
2022-05-05,304.8647766113281,-0.05167661162558633
2022-05-06,301.2121887207031,-0.012053360616491796
2022-05-09,289.42681884765625,-0.03991248188631065
2022-05-10,292.94293212890625,0.012075338734786795
2022-05-11,284.2547607421875,-0.03010693823187976
2022-05-12,283.5826721191406,-0.0023671878534035967
2022-05-13,294.09228515625,0.03638992010284514
2022-05-16,290.6832275390625,-0.011659504076955677
2022-05-17,298.21234130859375,0.02557167838938641
2022-05-18,283.5729064941406,-0.050336531615117294
2022-05-19,282.0534362792969,-0.0053727125313230515
2022-05-20,281.1769104003906,-0.003112497725649144
2022-05-23,285.8521728515625,0.016490753437356134
2022-05-24,279.7742919921875,-0.021491620982893988
2022-05-25,283.6898193359375,0.013898277787203804
2022-05-26,291.5500793457031,0.02733033396418128
2022-05-27,301.0661926269531,0.03211835981266848
2022-05-31,300.26751708984375,-0.00265634869237323
2022-06-01,298.0467529296875,-0.007423437714289234
2022-06-02,306.20892333984375,0.027017261767686408
2022-06-03,298.2414855957031,-0.026364112299502893
2022-06-06,299.2349853515625,0.003325656221938927
2022-06-07,301.816162109375,0.008588928367958226
2022-06-08,299.6441650390625,-0.007222443156695571
2022-06-09,291.61822509765625,-0.027150155610453693
2022-06-10,281.3327331542969,-0.03590742592857198
2022-06-13,268.251708984375,-0.047612320232851724
2022-06-14,268.7388000488281,0.0018141519816459591
2022-06-15,275.4496765136719,0.024665045189289452
2022-06-16,264.3362121582031,-0.041183125729878714
2022-06-17,267.5505065917969,0.01208653440674616
2022-06-21,274.3006286621094,0.024916331616120717
2022-06-22,273.90057373046875,-0.0014595188806988465
2022-06-23,277.9797668457031,0.014783158973260262
2022-06-24,287.5043029785156,0.03368949709579821
2022-06-27,285.3964538574219,-0.007358547208359785
2022-06-28,276.7013244628906,-0.030940606378848077
2022-06-29,276.955078125,0.0009166467819793697
2022-06-30,273.51995849609375,-0.012480726610865443
2022-07-01,275.3254089355469,0.006579109741820187
2022-07-05,280.0388488769531,0.01697463620111098
2022-07-06,281.83447265625,0.006391582669716572
2022-07-07,287.8654479980469,0.021173254311638672
2022-07-08,288.22650146484375,0.001253457939851922
2022-07-11,282.0686950683594,-0.021595993649486434
2022-07-12,279.3362121582031,-0.009734522989268057
2022-07-13,278.7604675292969,-0.0020632440725964147
2022-07-14,279.75579833984375,0.0035642000960587326
2022-07-15,284.83038330078125,0.017976782945788704
2022-07-18,282.41998291015625,-0.008498592656791377
2022-07-19,291.1053466796875,0.030289953611935906
2022-07-20,295.72125244140625,0.01573207816631212
2022-07-21,299.9663391113281,0.014252969491544422
2022-07-22,294.70635986328125,-0.017690795082789368
2022-07-25,293.0278625488281,-0.005711771796727346
2022-07-26,287.2701721191406,-0.019844559298169518
2022-07-27,299.41015625,0.041391254199825776
2022-07-28,302.33770751953125,0.009730236012550113
2022-07-29,307.8514404296875,0.018072700911342658
2022-08-01,307.6660461425781,-0.0006024013834220654
2022-08-02,306.74871826171875,-0.0029860238249617213
2022-08-03,315.1023254394531,0.026868523604222014
2022-08-04,316.5758361816406,0.004665392930775338
2022-08-05,313.9897766113281,-0.008202394855821098
2022-08-08,312.9748840332031,-0.0032374822004488197
2022-08-09,309.4324035644531,-0.011383281628851417
2022-08-10,318.06890869140625,0.027528390317294038
2022-08-11,316.2635803222656,-0.00569207245331202
2022-08-12,322.42132568359375,0.019283174255905783
2022-08-15,325.0269470214844,0.008048937698678418
2022-08-16,324.2657470703125,-0.0023447061913136917
2022-08-17,320.5672607421875,-0.011471270360619007
2022-08-18,321.338134765625,0.002401831794581586
2022-08-19,315.0729675292969,-0.019689693096781286
2022-08-22,306.7779541015625,-0.026680045596309675
2022-08-23,306.5243225097656,-0.0008271014666937446
2022-08-24,307.412353515625,0.0028929095128524124
2022-08-25,312.8479919433594,0.017527406430801577
2022-08-26,300.02484130859375,-0.04185214824125849
2022-08-29,297.0679626464844,-0.009904332505541505
2022-08-30,293.7597351074219,-0.011198737384098541
2022-08-31,292.05194091796875,-0.0058305393948548685
2022-09-01,292.17877197265625,0.00043418140772642685
2022-09-02,288.0508117675781,-0.014228953390736435
2022-09-06,285.9819641113281,-0.0072081480390605995
2022-09-07,291.7591247558594,0.01999980033530938
2022-09-08,293.2718505859375,0.005171449940889648
2022-09-09,299.683349609375,0.021626419360613967
2022-09-12,303.2453308105469,0.0118157346230336
2022-09-13,286.6163330078125,-0.05639764791122943
2022-09-14,288.89007568359375,0.007901752168292654
2022-09-15,284.07904052734375,-0.016793743644748692
2022-09-16,282.3419189453125,-0.006133696146568689
2022-09-19,284.5405578613281,0.007756986784585769
2022-09-20,282.27252197265625,-0.008002807535797359
2022-09-21,277.2181396484375,-0.01806829023600612
2022-09-22,273.80621337890625,-0.012384098295354518
2022-09-23,269.34820556640625,-0.016415618710900838
2022-09-26,268.2336730957031,-0.004146471865249975
2022-09-27,268.3412780761719,0.0004010808990476847
2022-09-28,273.6791076660156,0.019696684113335725
2022-09-29,265.78955078125,-0.029251446991783153
2022-09-30,261.2826843261719,-0.017101930248657755
2022-10-03,267.4125671386719,0.023189758167979788
2022-10-04,275.82012939453125,0.030956287082484824
2022-10-05,275.67352294921875,-0.0005316704848476198
2022-10-06,273.50311279296875,-0.007904274563557303
2022-10-07,263.08154296875,-0.03884896969114808
2022-10-10,260.45172119140625,-0.010046520734773676
2022-10-11,256.87353515625,-0.013833630018977654
2022-10-12,256.78558349609375,-0.00034245147344615226
2022-10-13,262.8078308105469,0.02318165256528763
2022-10-14,254.90853881835938,-0.030518274251397085
2022-10-17,263.32598876953125,0.0324879561354487
2022-10-18,265.4083251953125,0.007876724233453439
2022-10-19,264.4403991699219,-0.003653597933142542
2022-10-20,263.09136962890625,-0.005114507074203837
2022-10-21,269.26025390625,0.023177013647125863
2022-10-24,272.222412109375,0.010941025218332016
2022-10-25,277.8536071777344,0.020474958359108987
2022-10-26,271.7140808105469,-0.022344042171030365
2022-10-27,266.7672424316406,-0.018373812923183453
2022-10-28,274.9305114746094,0.030141853177476377
2022-10-31,271.73358154296875,-0.011696273518391484
2022-11-01,268.9571228027344,-0.010270134559166868
2022-11-02,259.738037109375,-0.034878398594840695
2022-11-03,254.6641387939453,-0.01972799926956523
2022-11-04,258.76043701171875,0.015957105795906756
2022-11-07,261.6053466796875,0.010934377708926156
2022-11-08,263.51171875,0.007260782674845205
2022-11-09,257.4308166503906,-0.02334682962472478
2022-11-10,276.42626953125,0.07119311829445159
2022-11-11,281.5196838378906,0.01825824086212125
2022-11-14,279.0561828613281,-0.00878923614736842
2022-11-15,282.9177551269531,0.013743103668186017
2022-11-16,279.0561828613281,-0.013743103668186133
2022-11-17,278.4402160644531,-0.0022097615292633152
2022-11-18,278.45001220703125,3.518159264372215e-05
2022-11-21,275.5854797363281,-0.010340702130868813
2022-11-22,279.55474853515625,0.01430030193798488
2022-11-23,282.36053466796875,0.009986592411847916
2022-11-25,280.50299072265625,-0.0066003590750944915
2022-11-28,276.3871154785156,-0.014781911701963546
2022-11-29,274.2950744628906,-0.007598034286601326
2022-11-30,286.79901123046875,0.04457722009681183
2022-12-01,287.1509094238281,0.0012262332471533039
2022-12-02,286.007080078125,-0.003991328342808311
2022-12-05,281.2069091796875,-0.016925836056412732
2022-12-06,275.38018798828125,-0.02093808530850223
2022-12-07,274.2558898925781,-0.0040910693786260985
2022-12-08,277.50164794921875,0.011765296436780977
2022-12-09,275.73211669921875,-0.0063970690060444575
2022-12-12,279.1929626464844,0.012473362431099264
2022-12-13,282.19427490234375,0.010692586686739667
2022-12-14,280.1022644042969,-0.007440985332045025
2022-12-15,270.69732666015625,-0.03415344558798814
2022-12-16,268.11639404296875,-0.00958012855863339
2022-12-19,264.348388671875,-0.014153305129401774
2022-12-20,264.1425476074219,-0.0007789767457927523
2022-12-21,267.9742736816406,0.014402071695409788
2022-12-22,261.41827392578125,-0.024769275528505396
2022-12-23,262.0061950683594,0.0022464421311955253
2022-12-27,258.3018798828125,-0.014239170800511422
2022-12-28,254.8916015625,-0.013290615110639871
2022-12-29,261.1047058105469,0.02408313569328437
2022-12-30,260.9478759765625,-0.0006008200866099011
2023-01-03,259.1838684082031,-0.0067829520142445475
2023-01-04,260.41864013671875,0.004752764016876576
2023-01-05,256.3419494628906,-0.015778197216987127
2023-01-06,263.4173583984375,0.02722739516086609
2023-01-09,265.1225891113281,0.006452631017074437
2023-01-10,267.3666687011719,0.00842868787444763
2023-01-11,271.99212646484375,0.017152111742413795
2023-01-12,273.4621276855469,0.00539002040383125
2023-01-13,275.3437194824219,0.006857066772095111
2023-01-17,275.90228271484375,0.002026548660159153
2023-01-18,272.31561279296875,-0.013085020121557918
2023-01-19,269.6402587890625,-0.00987303902866617
2023-01-20,277.0194091796875,0.026998877230889215
2023-01-23,283.1737060546875,0.021972938683676554
2023-01-24,282.5954895019531,-0.002044002248933182
2023-01-25,281.9683837890625,-0.002221558978434691
2023-01-26,287.46600341796875,0.01930965383480322
2023-01-27,290.3275146484375,0.009905042324507276
2023-01-30,284.45745849609375,-0.02042593497286857
2023-01-31,288.7203674316406,0.01487492134037061
2023-02-01,294.89422607421875,0.021158103406273398
2023-02-02,305.4779968261719,0.03526101617283435
2023-02-03,300.04888916015625,-0.017932327289362015
2023-02-06,297.5107727050781,-0.00849499014275795
2023-02-07,303.67474365234375,0.02050677133118252
2023-02-08,298.2751159667969,-0.01794093788131519
2023-02-09,295.63897705078125,-0.008877230760403795
2023-02-10,293.6986083984375,-0.006584937773095274
2023-02-13,298.4024963378906,0.01588913401838416
2023-02-14,300.6074523925781,0.007362034698493297
2023-02-15,302.910400390625,0.007631784760580479
2023-02-16,297.22650146484375,-0.018942574155232383
2023-02-17,295.1293640136719,-0.007080697044699699
2023-02-21,288.14215087890625,-0.023959844491028552
2023-02-22,288.35772705078125,0.0007478793671118047
2023-02-23,290.8763427734375,0.008696420763028036
2023-02-24,286.0058288574219,-0.016886046703940796
2023-02-27,288.0539245605469,0.007135509434016323
2023-02-28,287.681640625,-0.0012932464483536256
2023-03-01,285.3688659667969,-0.008071844240340157
2023-03-02,287.7305603027344,0.008241877749443354
2023-03-03,293.67901611328125,0.020462901255733044
2023-03-06,294.0122375488281,0.0011340018051301853
2023-03-07,290.4058837890625,-0.0123418470611455
2023-03-08,291.8563232421875,0.004982093756912111
2023-03-09,286.79962158203125,-0.017477848208311938
2023-03-10,282.77191162109375,-0.014143182600793202
2023-03-13,284.8690185546875,0.007388883934089307
2023-03-14,291.4153137207031,0.02271995400440146
2023-03-15,292.94403076171875,0.005232124865806388
2023-03-16,300.6662292480469,0.026019207085228924
2023-03-17,299.2452697753906,-0.004737239183887933
2023-03-20,300.3072509765625,0.0035425830934235725
2023-03-21,304.596435546875,0.014181617840166914
2023-03-22,300.4544677734375,-0.013691517371954466
2023-03-23,304.0173034667969,0.011788398142962456
2023-03-24,305.13623046875,0.0036737150752807015
2023-03-27,303.04559326171875,-0.006875067159910298
2023-03-28,301.43597412109375,-0.005325631191613503
2023-03-29,306.9323425292969,0.01806970484983705
2023-03-30,309.8375549316406,0.009420803126447873
2023-03-31,314.9903869628906,0.016493976996741603
2023-04-03,314.2248229980469,-0.002433394267946114
2023-04-04,313.16485595703125,-0.0033789782812328
2023-04-05,310.07318115234375,-0.009921410379820545
2023-04-06,312.1636962890625,0.006719379959875724
2023-04-10,311.9869689941406,-0.0005662969198778832
2023-04-11,309.9847412109375,-0.006438346525282886
2023-04-12,307.2464294433594,-0.00887294700322327
2023-04-13,313.2630310058594,0.019393064926855292
2023-04-14,312.674072265625,-0.0018818469490468875
2023-04-17,312.9390563964844,0.0008471182414994548
2023-04-18,312.95867919921875,6.270290376473164e-05
2023-04-19,312.81146240234375,-0.0004705139788682796
2023-04-20,310.4264831542969,-0.007653548398577362
2023-04-21,310.7503356933594,0.0010427065485325488
2023-04-24,310.1025695800781,-0.002086698291421538
2023-04-25,304.2528381347656,-0.019044052244613613
2023-04-26,306.09808349609375,0.006046524770742435
2023-04-27,314.421142578125,0.026827720786744665
2023-04-28,316.5902099609375,0.0068749188660499555
2023-05-01,316.2270202636719,-0.0011478503422347162
2023-05-02,313.4691162109375,-0.00875953186726577
2023-05-03,311.4177551269531,-0.0065655674555413135
2023-05-04,310.3184814453125,-0.003536145273351491
2023-05-05,316.9141540527344,0.021031800190112863
2023-05-08,317.6993103027344,0.0024744405680517745
2023-05-09,315.6872863769531,-0.006353246829216782
2023-05-10,319.1225891113281,0.01082319731212555
2023-05-11,320.1628723144531,0.0032545214434258453
2023-05-12,319.0145263671875,-0.0035932033428248103
2023-05-15,320.7419738769531,0.005400341246497321
2023-05-16,321.1051330566406,0.0011316066225664752
2023-05-17,324.9918212890625,0.012031429930327455
2023-05-18,331.0279235839844,0.018402716351105783
2023-05-19,330.28204345703125,-0.0022557665252609174
2023-05-22,331.39117431640625,0.003352506549768903
2023-05-23,327.19036865234375,-0.012757304488019226
2023-05-24,325.5120849609375,-0.005142580300686358
2023-05-25,333.4326171875,0.02404120919198468
2023-05-26,341.9519958496094,0.02522956667040065
2023-05-30,343.50274658203125,0.004524743304477555
2023-05-31,341.549560546875,-0.005702312969014412
2023-06-01,345.4952087402344,0.011485980966669918
2023-06-02,348.08636474609375,0.007471848041913235
2023-06-05,348.3317565917969,0.0007047256478267699
2023-06-06,348.2728271484375,-0.00016919051317049305
2023-06-07,342.3642272949219,-0.0171109962253966
2023-06-08,346.6141357421875,0.012336998021065014
2023-06-09,347.9390563964844,0.003815178668461766
2023-06-12,353.8182373046875,0.016755988188809644
2023-06-13,356.5369873046875,0.007654658348261341
2023-06-14,359.1281433105469,0.0072412842753781575
2023-06-15,363.40740966796875,0.011845275641271923
2023-06-16,361.12054443359375,-0.006312724901273158
2023-06-20,360.60357666015625,-0.001432591337169775
2023-06-21,355.68939208984375,-0.01372137347823244
2023-06-22,359.8861083984375,0.01172975995828326
2023-06-23,356.3183898925781,-0.00996293104916428
2023-06-26,351.54180908203125,-0.013496035852756064
2023-06-27,357.58624267578125,0.01704792236052859
2023-06-28,358.28411865234375,0.0019497278706872255
2023-06-29,357.56658935546875,-0.0020046904449432614
2023-06-30,363.0803527832031,0.015302558577901644
2023-07-03,363.9353942871094,0.0023521963632422024
2023-07-05,363.9255065917969,-2.7169189335966325e-05
2023-07-06,361.1539001464844,-0.007645010791081102
2023-07-07,359.9549560546875,-0.0033252821297741287
2023-07-10,360.07293701171875,0.0003277121878838499
2023-07-11,361.8517761230469,0.004928056011927502
2023-07-12,366.4219665527344,0.012550913633584472
2023-07-13,372.6433410644531,0.016836188641816713
2023-07-14,372.5647277832031,-0.00021098344161292308
2023-07-17,376.0439453125,0.009295223806540113
2023-07-18,379.12030029296875,0.008147557346398179
2023-07-19,379.0317077636719,-0.00023370650940359475
2023-07-20,370.2943420410156,-0.0233216548180647
2023-07-21,369.18377685546875,-0.0030036480921297867
2023-07-24,369.7735290527344,0.001596174278982686
2023-07-25,372.2796936035156,0.006754701692844054
2023-07-26,371.0412902832031,-0.0033320853116459307
2023-07-27,370.1567687988281,-0.0023867356192504383
2023-07-28,376.8990783691406,0.018050839617997947
2023-07-31,377.0955810546875,0.000521230986293321
2023-08-01,376.22088623046875,-0.0023222516838446294
2023-08-02,367.965087890625,-0.022188370473671816
2023-08-03,367.37530517578125,-0.0016041083744947433
2023-08-04,365.6554260253906,-0.004692524428051466
2023-08-07,368.7513427734375,0.008431118063368624
2023-08-08,365.6160888671875,-0.008538703706840135
2023-08-09,361.5962219238281,-0.011055665116114494
2023-08-10,362.2645263671875,0.0018465005453681556
2023-08-11,359.9549560546875,-0.006395779237880701
2023-08-14,363.9944152832031,0.011159623339054542
2023-08-15,360.1318054199219,-0.010668434281703014
2023-08-16,356.3183898925781,-0.01064540582182088
2023-08-17,352.4263610839844,-0.010982989084548546
2023-08-18,351.98406982421875,-0.001255777309597678
2023-08-21,357.6551208496094,0.015983254106361283
2023-08-22,357.14404296875,-0.0014299903912031134
2023-08-23,362.7756042480469,0.015645290895387128
2023-08-24,355.02105712890625,-0.021607369430979732
2023-08-25,357.77301025390625,0.007721632163796381
2023-08-28,360.4659423828125,0.007498743246652489
2023-08-29,368.3385009765625,0.02160487600312603
2023-08-30,370.3926696777344,0.005561357303350799
2023-08-31,371.50323486328125,0.0029938594033657355
2023-09-01,371.1101379394531,-0.0010586853804160818
2023-09-05,371.5819091796875,0.0012704358570091972
2023-09-06,368.30902099609375,-0.00884700540947679
2023-09-07,365.6750183105469,-0.007177305913350615
2023-09-08,366.1861267089844,0.0013967362115286075
2023-09-11,370.5007629394531,0.011713756891859502
2023-09-12,366.3925476074219,-0.011150210856088978
2023-09-13,367.7881164550781,0.0038017087532073827
2023-09-14,370.795654296875,0.008144111972619569
2023-09-15,364.4464416503906,-0.017271509654336086
2023-09-18,364.8263854980469,0.001041980087254951
2023-09-19,364.0487976074219,-0.002133666239839395
2023-09-20,358.802734375,-0.014515166967959757
2023-09-21,352.2278137207031,-0.018494586718752357
2023-09-22,352.2770690917969,0.0001398297510086426
2023-09-25,353.9503173828125,0.004738562831131334
2023-09-26,348.6352844238281,-0.015130211434743124
2023-09-27,349.45220947265625,0.002340467144540991
2023-09-28,352.3755187988281,0.008330609107145103
2023-09-29,352.6313781738281,0.0007258351296467656
2023-10-02,355.5743713378906,0.008311172584580414
2023-10-03,349.3341064453125,-0.017705640121995048
2023-10-04,354.0881042480469,0.013516974907163384
2023-10-05,353.0447998046875,-0.002950803715695422
2023-10-06,358.9602355957031,0.016616657487374113
2023-10-09,360.7908935546875,0.005086930280425071
2023-10-10,362.7889099121094,0.005522601449052579
2023-10-11,365.3775634765625,0.0071100896964627625
2023-10-12,364.10791015625,-0.0034809592466044084
2023-10-13,359.53106689453125,-0.012649689795246923
2023-10-16,363.5960693359375,0.011242961457507597
2023-10-17,362.40509033203125,-0.0032809315974364484
2023-10-18,357.6511535644531,-0.013204540290650456
2023-10-19,354.3045959472656,-0.009401096253562315
2023-10-20,349.0191955566406,-0.01503006141117544
2023-10-23,350.0722961425781,0.0030127712753081734
2023-10-24,353.4779357910156,0.009681373395708527
2023-10-25,344.8262023925781,-0.024780538035737397
2023-10-26,338.2513122558594,-0.019251382332461164
2023-10-27,339.8753356933594,0.0047897440610088484
2023-10-30,343.7041931152344,0.011202493060633086
2023-10-31,345.347900390625,0.0047709321506790355
2023-11-01,351.34197998046875,0.017207735220461352
2023-11-02,357.7200927734375,0.017990765744013506
2023-11-03,361.92279052734375,0.011680086416577563
2023-11-06,363.39923095703125,0.004071136475063726
2023-11-07,366.8342590332031,0.009408096068081774
2023-11-08,367.0705261230469,0.0006438630808372491
2023-11-09,364.2456970214844,-0.007725367115539352
2023-11-10,372.434814453125,0.022233396000045095
2023-11-13,371.2732849121094,-0.0031236192974822856
2023-11-14,379.2655029296875,0.021298086804494614
2023-11-15,379.5509948730469,0.0007524663938030851
2023-11-16,379.875732421875,0.0008552176449663587
2023-11-17,379.96435546875,0.00023326762746320092
2023-11-20,384.59039306640625,0.012101406893414537
2023-11-21,382.3561096191406,-0.0058264553268015645
2023-11-22,383.9210205078125,0.004084457183270095
2023-11-24,383.3797607421875,-0.0014108153376833534
2023-11-27,383.04510498046875,-0.0008732905153634575
2023-11-28,384.0490417480469,0.0026175074990540427
2023-11-29,383.67498779296875,-0.0009744490735827664
2023-11-30,382.7104187011719,-0.0025171919844410363
2023-12-01,383.8030090332031,0.0028508073895762223
2023-12-04,380.23992919921875,-0.009326977544730341
2023-12-05,381.1946716308594,0.002507747693494248
2023-12-06,378.9898986816406,-0.0058006416267828344
2023-12-07,384.2852478027344,0.013875557471401623
2023-12-08,385.9979248046875,0.00444688365311558
2023-12-11,389.2951354980469,0.008505765731851354
2023-12-12,392.39556884765625,0.007932676161711161
2023-12-13,397.3857727050781,0.012637093343128007
2023-12-14,397.041259765625,-0.0008673243657844379
2023-12-15,398.9605712890625,0.004822389014931085
2023-12-18,401.4735107421875,0.006278962292241807
2023-12-19,403.5248718261719,0.005096570549085781
2023-12-20,397.5285949707031,-0.014971257483626939
2023-12-21,402.1540222167969,0.011568286542214442
2023-12-22,402.7555847167969,0.0014947333385521356
2023-12-26,405.22119140625,0.006103181219368865
2023-12-27,406.04608154296875,0.0020335848579112153
2023-12-28,405.8487243652344,-0.0004861644148611104
2023-12-29,404.09234619140625,-0.00433705856094998
2024-01-02,397.2541809082031,-0.0170671015337311
2024-01-03,393.05059814453125,-0.010637977947505785
2024-01-04,391.02783203125,-0.005159612923584415
2024-01-05,391.4915771484375,0.0011852617737993629
2024-01-08,399.5829162597656,0.02045729286634099
2024-01-09,400.37237548828125,0.001973759016165669
2024-01-10,403.0858459472656,0.006754503726626629
2024-01-11,403.9245910644531,0.002078648257130111
2024-01-12,404.13177490234375,0.0005127955206016493
2024-01-16,404.09234619140625,-9.75687558431525e-05
2024-01-17,401.8129577636719,-0.005656730374270149
2024-01-18,407.5163269042969,0.01409429675288676
2024-01-19,415.5977783203125,0.01963691559339014
2024-01-22,416.1405334472656,0.0013051105048650278
2024-01-23,417.8673095703125,0.004140916910913805
2024-01-24,420.1861572265625,0.005533903660887896
2024-01-25,420.6993103027344,0.001220506619957621
2024-01-26,418.19287109375,-0.0059756109852395515
2024-01-29,422.4754333496094,0.010188558982719757
2024-01-30,419.6631774902344,-0.00667886800840499
2024-01-31,411.4435729980469,-0.01978054562221878
2024-02-01,416.2885437011719,0.011706748930083463
2024-02-02,423.323974609375,0.016759148830145894
2024-02-05,422.7714538574219,-0.001306048495010635
2024-02-06,421.9228515625,-0.0020092537027132673
2024-02-07,426.2645263671875,0.01023762635036117
2024-02-08,427.05389404296875,0.001850113350567744
2024-02-09,431.2574157714844,0.009794943368152904
2024-02-12,429.5701599121094,-0.003920083574725369
2024-02-13,422.87017822265625,-0.015719855949285
2024-02-14,427.4782409667969,0.010838164092611428
2024-02-15,428.75115966796875,0.002973314483264339
2024-02-16,424.8633728027344,-0.009109061759697484
2024-02-20,421.6564025878906,-0.007576870973285828
2024-02-21,419.9691162109375,-0.004009594765808606
2024-02-22,432.2639465332031,0.02885521327007157
2024-02-23,430.9910888671875,-0.0029489746048698574
2024-02-26,430.7640686035156,-0.0005268788169251491
2024-02-27,431.8001708984375,0.0024023782711773047
2024-02-28,429.5010070800781,-0.005338827667360962
2024-02-29,433.181640625,0.008533047205291546
2024-03-01,439.7039794921875,0.01494459321698481
2024-03-04,438.13507080078125,-0.0035744829564563975
2024-03-05,430.2706604003906,-0.018112790197365555
2024-03-06,432.9744567871094,0.006264281545459262
2024-03-07,439.546142578125,0.015063965406839417
2024-03-08,433.2013244628906,-0.014540127899765064
2024-03-11,431.593017578125,-0.0037195172558312133
2024-03-12,437.7798767089844,0.014233164197283453
2024-03-13,434.4150695800781,-0.007715760877278719
2024-03-14,433.3197937011719,-0.002524449591510489
2024-03-15,428.1689453125,-0.011958159254233193
2024-03-18,432.2525329589844,0.009492134751891427
2024-03-19,433.32952880859375,0.0024884905844569675
2024-03-20,438.4674377441406,0.011787075704273155
2024-03-21,440.54229736328125,0.004720911247744414
2024-03-22,441.0462341308594,0.0011432472280731116
2024-03-25,439.4455871582031,-0.0036358060284306043
2024-03-26,438.0227966308594,-0.003242947097699683
2024-03-27,439.51470947265625,0.003400229092940203
2024-03-28,438.70458984375,-0.001844914725333819
2024-04-01,439.63330078125,0.0021147016279483926
2024-04-02,435.8392028808594,-0.008667597526670841
2024-04-03,436.8173828125,0.002241844861680569
2024-04-04,430.1381530761719,-0.015408776145128705
2024-04-05,435.20684814453125,0.011714987734252705
2024-04-08,435.3352966308594,0.00029509998575288584
2024-04-09,436.94580078125,0.0036926307016708583
2024-04-10,433.1319885253906,-0.008766656794018748
2024-04-11,440.04827880859375,0.01584194052043794
2024-04-12,433.0331726074219,-0.016070109287392723
2024-04-15,425.9092712402344,-0.016587990893639507
2024-04-16,425.94879150390625,9.27860295714043e-05
2024-04-17,420.751708984375,-0.012276236486586852
2024-04-18,418.3507385253906,-0.005722726750887324
2024-04-19,409.6953430175781,-0.020906350391725642
2024-04-22,413.8155822753906,0.0100066034630394
2024-04-23,419.9908752441406,0.014812564291849139
2024-04-24,421.41363525390625,0.00338187244786536
2024-04-25,419.3782653808594,-0.004841563881360381
2024-04-26,425.8500061035156,0.015313891920912315
2024-04-29,427.57916259765625,0.004052260981311627
2024-04-30,419.5166320800781,-0.0190362743896897
2024-05-01,416.4832763671875,-0.00725686449036879
2024-05-02,421.7989501953125,0.012682471152294553
2024-05-03,430.2764892578125,0.019899221153587502
2024-05-06,434.9894714355469,0.010893826872555397
2024-05-07,435.05859375,0.00015889309421962284
2024-05-08,434.8017578125,-0.0005905222476280162
2024-05-09,435.7502746582031,0.002179116665435843
2024-05-10,436.77783203125,0.002355357587263728
2024-05-13,437.78564453125,0.0023047222371204044
2024-05-14,440.6015625,0.006411586126713694
2024-05-15,447.4883117675781,0.01550943775621767
2024-05-16,446.5793151855469,-0.0020333962841968794
2024-05-17,446.3619689941406,-0.0004868096022644696
2024-05-20,449.47430419921875,0.006948474448956934
2024-05-21,450.3536682128906,0.0019545164644200605
2024-05-22,450.2646789550781,-0.00019761813287932226
2024-05-23,448.2392578125,-0.004508437838550508
2024-05-24,452.47796630859375,0.009411921239592405
2024-05-28,454.18731689453125,0.003770636513512304
2024-05-29,450.98602294921875,-0.007073357448239461
2024-05-30,446.1544494628906,-0.01077115646255269
2024-05-31,445.3244934082031,-0.001861976216285206
2024-06-03,447.715576171875,0.00535494108022156
2024-06-04,448.9407958984375,0.0027328651806374274
2024-06-05,457.9913330078125,0.019959239010360317
2024-06-06,457.8332214355469,-0.0003452879114659667
2024-06-07,457.4281311035156,-0.0008851905684832406
2024-06-10,459.2757873535156,0.004031091642102993
2024-06-11,462.4276428222656,0.006839223227806741
2024-06-12,468.484375,0.01301265324035381
2024-06-13,471.023681640625,0.005405622242501027
2024-06-14,473.4642028808594,0.005167936427616814
2024-06-17,479.2640380859375,0.012175364605699169
2024-06-18,479.41229248046875,0.00030928978005649024
2024-06-20,475.7169189453125,-0.007737993833258597
2024-06-21,474.4423522949219,-0.0026828500304393287
2024-06-24,469.0409851074219,-0.011449966277002378
2024-06-25,474.4047546386719,0.011370717141931126
2024-06-26,475.38446044921875,0.0020629970154412767
2024-06-27,476.61163330078125,0.00257810623243697
2024-06-28,474.1375732421875,-0.005204454815219315
2024-07-01,476.9184265136719,0.005847944174195028
2024-07-02,481.9258728027344,0.010444848692199816
2024-07-03,485.94378662109375,0.008302640464164696
2024-07-05,491.0106506347656,0.010372867457717934
2024-07-08,492.1783752441406,0.002375382815932825
2024-07-09,492.6038818359375,0.0008641638600159652
2024-07-10,497.7400207519531,0.010372528072306994
2024-07-11,486.8244934082031,-0.022174219044410144
2024-07-12,489.6844787597656,0.005857587816528238
2024-07-15,491.00067138671875,0.002684232379845313
2024-07-16,491.1886901855469,0.00038285652132048683
2024-07-17,476.76995849609375,-0.02979424444502271
2024-07-18,474.5136413574219,-0.0047437407103217465
2024-07-19,470.30767822265625,-0.008903251505267213
2024-07-22,477.3141784667969,0.014787814096266158
2024-07-23,475.6318359375,-0.003530828088150213
2024-07-24,458.57080078125,-0.03652940299384236
2024-07-25,453.51385498046875,-0.011088877741600178
2024-07-26,458.1650695800781,0.01020371279762687
2024-07-29,459.0854187011719,0.0020067570237607413
2024-07-30,452.7815246582031,-0.013826566511513982
2024-07-31,466.1809997558594,0.02916424658345478
2024-08-01,454.8894348144531,-0.024519581192916844
2024-08-02,444.0926513671875,-0.024021174100568008
2024-08-05,430.85150146484375,-0.030269728343530033
2024-08-06,434.9683532714844,0.009509790772484471
2024-08-07,430.25775146484375,-0.010888826224899862
2024-08-08,443.41973876953125,0.030132361920140422
2024-08-09,445.73541259765625,0.005208717646312431
2024-08-12,446.69537353515625,0.002151340636523873
2024-08-13,457.7791442871094,0.02450997877586199
2024-08-14,457.9275817871094,0.00032420314730351163
2024-08-15,469.49627685546875,0.024949315353172935
2024-08-16,470.09991455078125,0.001284887665320007
2024-08-19,476.275146484375,0.013050469802152544
2024-08-20,475.275634765625,-0.002100806611791708
2024-08-21,477.49237060546875,0.0046532625512896
2024-08-22,469.9217529296875,-0.015981984287618937
2024-08-23,475.018310546875,0.01078715409547737
2024-08-26,470.4067077636719,-0.009755695626971
2024-08-27,471.81201171875,0.0029829698095906313
2024-08-28,466.4580993652344,-0.01141242889337242
2024-08-29,465.7752685546875,-0.0014649356183966166
2024-08-30,471.3270263671875,0.011848915100334294
2024-09-03,457.0170593261719,-0.03083145744379576
2024-09-04,455.82952880859375,-0.0026018198521547175
2024-09-05,456.2551574707031,0.0009333095915502238
2024-09-06,444.03326416015625,-0.02715272997264089
2024-09-09,449.7433776855469,0.012777669382108345
2024-09-10,453.8998107910156,0.009199344322982755
2024-09-11,463.7564392089844,0.021483006301368658
2024-09-12,468.3086853027344,0.009768163555931696
2024-09-13,470.4067077636719,0.004469993716493464
2024-09-16,468.3284606933594,-0.004427767352287245
2024-09-17,468.5758972167969,0.0005282001884210867
2024-09-18,466.5471496582031,-0.004339002761826898
2024-09-19,478.3434753417969,0.02496995584724691
2024-09-20,477.4330139160156,-0.0019051770186982245
2024-09-23,478.698486328125,0.0026470692592264534
2024-09-24,481.007568359375,0.004812070270334272
2024-09-25,481.4535217285156,0.0009266938801938381
2024-09-26,485.0707092285156,0.0074849740375311615
2024-09-27,482.3752136230469,-0.005572409820092733
2024-09-30,483.6832580566406,0.002708004269503126
2024-10-01,476.9444580078125,-0.014030223110526811
2024-10-02,477.6182861328125,0.001411805019750888
2024-10-03,477.26153564453125,-0.000747215506588005
2024-10-04,482.9400634765625,0.011827920384851172
2024-10-07,477.7669677734375,-0.010769455272478712
2024-10-08,484.9022216796875,0.014824167329365248
2024-10-09,488.7176513671875,0.007837656819800105
2024-10-10,488.16265869140625,-0.0011362553421912034
2024-10-11,488.9257507324219,0.0015619716471963279
2024-10-14,493.028564453125,0.008356473478257184
2024-10-15,486.4383850097656,-0.013456868343527158
2024-10-16,486.497802734375,0.00012214105186294637
2024-10-17,486.8347473144531,0.0006923524616961879
2024-10-18,490.0257568359375,0.006533217093031648
2024-10-21,490.96722412109375,0.0019194175544071594
2024-10-22,491.50238037109375,0.0010894104010559734
2024-10-23,483.9706726074219,-0.015442471555511178
2024-10-24,487.8951110839844,0.0080761353532833
2024-10-25,490.8681335449219,0.006075078157909528
2024-10-28,490.9474182128906,0.00016150623810991312
2024-10-29,495.6646423339844,0.009562542879411271
2024-10-30,491.91864013671875,-0.007586236481010689
2024-10-31,479.5012512207031,-0.02556683349409823
2024-11-01,483.0490417480469,0.007371680460372794
2024-11-04,481.641845703125,-0.002917405069976599
2024-11-05,487.7861022949219,0.012676215657202864
2024-11-06,501.0359191894531,0.026800798708190725
2024-11-07,508.9244079589844,0.015621701131777075
2024-11-08,509.5190124511719,0.0011676732311904226
2024-11-11,509.2216796875,-0.0005837261128547323
2024-11-12,508.3000183105469,-0.0018115812779767363
2024-11-13,507.6459655761719,-0.0012875740149741733
2024-11-14,504.11798095703125,-0.006973956583766453
2024-11-15,492.10693359375,-0.024114292298111697
2024-11-18,495.52587890625,0.006923542690370871
2024-11-19,498.9349670410156,0.0068561804176773475
2024-11-20,498.6475830078125,-0.0005761609225002595
2024-11-21,500.44134521484375,0.003590799745115476
2024-11-22,501.2440490722656,0.0016027068654955639
2024-11-25,502.036865234375,0.001580447341974704
2024-11-26,504.7323913574219,0.005354816997776184
2024-11-27,500.7584533691406,-0.007904514895428675
2024-11-29,505.15850830078125,0.008748402029755239
2024-12-02,510.65863037109375,0.01082906678802441
2024-12-03,512.224365234375,0.0030614177630933826
2024-12-04,518.5570678710938,0.012287342609099132
2024-12-05,517.1200561523438,-0.0027750205302176337
2024-12-06,521.748046875,0.008909738059358295
2024-12-09,517.6848754882812,-0.007818093876463643
2024-12-10,515.9209594726562,-0.0034131342303889566
2024-12-11,525.1571044921875,0.01774389004620524
2024-12-12,521.7678833007812,-0.006474643495723626
2024-12-13,525.7616577148438,0.007625166849353807
2024-12-16,533.3330078125,0.014298021376323302
2024-12-17,530.9842529296875,-0.004413643905455228
2024-12-18,511.82806396484375,-0.03674360922938269
2024-12-19,509.5487060546875,-0.004463312190006168
2024-12-20,513.9983520507812,0.00869461543997068
2024-12-23,519.0060424804688,0.00969546631922974
2024-12-24,526.043701171875,0.013468765720022764
2024-12-26,525.6863403320312,-0.0006795676447266792
2024-12-27,518.6983642578125,-0.01338219590719227
2024-12-30,511.7996826171875,-0.01338922421552245
2024-12-31,507.45208740234375,-0.008531006195246557
2025-01-02,506.4595031738281,-0.001957931154609655
2025-01-03,514.747802734375,0.01623271104635888
2025-01-06,520.663818359375,0.011427493924543503
2025-01-07,511.3728942871094,-0.018005512721949685
2025-01-08,511.4622802734375,0.0001747808225192138
2025-01-10,503.4419860839844,-0.015805355079482632
2025-01-13,501.8240051269531,-0.003219013411992495
2025-01-14,501.3475341796875,-0.0009499292283036307
2025-01-15,512.8816528320312,0.02274558072565385
2025-01-16,509.2884521484375,-0.0070305626562748086
2025-01-17,517.8844604492188,0.0167376083882821
2025-01-21,520.9217529296875,0.005847676104443804
2025-01-22,527.5823364257812,0.012705097021821415
2025-01-23,528.7039184570312,0.0021236335275146958
2025-01-24,525.716064453125,-0.005667309135672199
2025-01-27,510.4100646972656,-0.029546814501944386
2025-01-28,517.9539184570312,0.014671826723987659
2025-01-29,516.981201171875,-0.0018797653169430962
2025-01-30,519.1846923828125,0.0042531693936366305
2025-01-31,518.4303588867188,-0.0014539758806739276
2025-02-03,514.2813110351562,-0.0080352925144705
2025-02-04,520.59423828125,0.012200511564849017
2025-02-05,522.9566040039062,0.004527560445362509
2025-02-06,525.6863403320312,0.005206238231305305
2025-02-07,519.0557250976562,-0.012693476185179015
2025-02-10,525.3388671875,0.012032268148102904
2025-02-11,524.0882568359375,-0.002383416465916139
2025-02-12,524.3959350585938,0.0005869010403142721
2025-02-13,531.9398803710938,0.014283475879651557
2025-02-14,534.1732177734375,0.004189688079312486
2025-02-18,535.3841552734375,0.002264372249544458
2025-02-19,535.5331420898438,0.00027824149957110707
2025-02-20,533.2598876953125,-0.004253878457565672
2025-02-21,522.1923828125,-0.02097283007129648
2025-02-24,516.0281982421875,-0.011874657689600289
2025-02-25,509.5267028808594,-0.012679150482934819
2025-02-26,510.7575378417969,0.002412730705613563
2025-02-27,496.5731201171875,-0.028164248193084777
2025-02-28,504.41473388671875,0.015668070609049397
2025-03-03,493.37689208984375,-0.022125445414242096
2025-03-04,491.8879699707031,-0.0030223817166129823
2025-03-05,498.3002014160156,0.01295172224121605
2025-03-06,484.59234619140625,-0.027894695310600178
2025-03-07,488.15576171875,0.007326524591706623
2025-03-10,469.23663330078125,-0.03952734895455363
2025-03-11,468.114990234375,-0.0023932184541941622
2025-03-12,473.3956298828125,0.011217494329549419
2025-03-13,464.8790588378906,-0.018154182457712168
2025-03-14,476.11541748046875,0.023883015300081786
2025-03-17,479.202392578125,0.006462741110080056
2025-03-18,471.0332336425781,-0.017194388370075465
2025-03-19,477.3363342285156,0.0132926943464101
2025-03-20,475.7183532714844,-0.0033953613211431884
2025-03-21,477.28668212890625,0.003291336802975482
2025-03-24,487.76043701171875,0.021707056449475876
2025-03-25,490.54388427734375,0.005690365903082513
2025-03-26,481.5175476074219,-0.018572069255444617
2025-03-27,478.77386474609375,-0.005714286917148534
2025-03-28,466.1687927246094,-0.026680602597655655
2025-03-31,466.1488952636719,-4.26838645171978e-05
2025-04-01,469.90655517578125,0.00802875533817087
2025-04-02,473.336181640625,0.007272023297609517
2025-04-03,447.9967956542969,-0.05501979962767507
2025-04-04,420.1722106933594,-0.06412142713170724
2025-04-07,421.1861877441406,0.002410334391559763
2025-04-08,413.6012268066406,-0.01817269773513861
2025-04-09,463.24615478515625,0.11335627525653175
2025-04-10,443.54327392578125,-0.043463193946574
2025-04-11,451.7146911621094,0.018255395622824234
2025-04-14,454.7765197753906,0.006755366671408777
2025-04-15,455.283447265625,0.0011140530536953245
2025-04-16,441.5550842285156,-0.030617407663755834
2025-04-17,441.4755554199219,-0.00018012695197179045
2025-04-21,430.55047607421875,-0.025058084522308254
2025-04-22,441.8533630371094,0.025913502322702592
2025-04-23,451.8737487792969,0.02242475475674991
2025-04-24,464.5881652832031,0.027748523139769554
2025-04-25,469.7673645019531,0.011086255925841509
2025-04-28,469.6182556152344,-0.0003174604438855153
2025-04-29,472.7198181152344,0.00658271969741626
2025-04-30,472.66015625,-0.00012621774721561949
2025-05-01,478.83343505859375,0.012976157667219552
2025-05-02,485.94122314453125,0.0147348743596349
2025-05-05,483.058349609375,-0.005950223554123387
2025-05-06,478.5650939941406,-0.009345213754663762
2025-05-07,480.4438781738281,0.00391818353702428
2025-05-08,485.4044189453125,0.01027197418722214
2025-05-09,485.0862731933594,-0.0006556389791819277
2025-05-12,504.8488464355469,0.03993231249186456
2025-05-13,512.5430908203125,0.015125716644486592
2025-05-14,515.6148071289062,0.005975201773673861
2025-05-15,516.1814575195312,0.0010983766214482601
2025-05-16,518.4281616210938,0.004343102154747644
2025-05-19,518.9251708984375,0.000958225707273547
2025-05-20,517.1954345703125,-0.0033388737294311964
2025-05-21,510.00811767578125,-0.01399417705213736
2025-05-22,510.9624938964844,0.0018695474440972005
2025-05-23,506.2306213378906,-0.009303851197769402
2025-05-27,518.1397705078125,0.02325269424846012
2025-05-28,515.8433837890625,-0.0044418334763505615
2025-05-29,516.857421875,0.001963857113855504
2025-05-30,516.042236328125,-0.0015784412544863678
2025-06-02,520.1181030273438,0.007867291512947142
2025-06-03,524.183837890625,0.007786551467944134
2025-06-04,525.6452026367188,0.002784006983160425
2025-06-05,521.688720703125,-0.007555375924130085
2025-06-06,526.7883911132812,0.009727843494471708
2025-06-09,527.5637817382812,0.0014708382734977305
2025-06-10,531.0531005859375,0.006592246056891684
2025-06-11,529.2637329101562,-0.0033751597973658252
2025-06-12,530.5062255859375,0.002344835754430062
2025-06-13,523.845947265625,-0.012634045974175516
2025-06-16,531.1325073242188,0.013813885766219123
2025-06-17,525.953369140625,-0.009798976110732424
2025-06-18,525.8638916015625,-0.00017013894450680823
2025-06-20,523.7166748046875,-0.0040915768853702385
2025-06-23,529.1017456054688,0.010229907948158078
2025-06-24,537.1928100585938,0.015176331351862958
2025-06-25,538.5661010742188,0.00255315897904253
2025-06-26,543.6019287109375,0.009306990870875508
2025-06-27,545.462890625,0.0034175444698924264
2025-06-30,548.9959106445312,0.0064562179729205
2025-07-01,544.3681640625,-0.008465202624231878
2025-07-02,548.1599731445312,0.006941376021087185
2025-07-03,553.553955078125,0.009792061070058687
2025-07-07,549.3840942382812,-0.007561405121540097
2025-07-08,549.692626953125,0.0005614398285386277
2025-07-09,553.5838623046875,0.007053991496605448
2025-07-10,552.7876586914062,-0.0014393063010440495
2025-07-11,551.5436401367188,-0.002252981659072396
2025-07-14,553.5440063476562,0.0036202891275029306
2025-07-15,554.0515747070312,0.0009165229684683637
2025-07-16,554.6187744140625,0.0010232072265066014
2025-07-17,559.107177734375,0.008060201185777705
2025-07-18,558.56982421875,-0.0009615542882039127
2025-07-21,561.4658813476562,0.005171377249224138
2025-07-22,558.5598754882812,-0.00518918848541577
2025-07-23,561.1075439453125,0.004550767146657908
2025-07-24,562.3018798828125,0.0021262709073579912
2025-07-25,563.6553955078125,0.002404205393134008
2025-07-28,565.4168090820312,0.0031201104694951777
2025-07-29,564.5410766601562,-0.0015500269669516307
2025-07-30,565.2974853515625,0.001338967937276024
2025-07-31,562.3018798828125,-0.005313256832953636
2025-08-01,551.2251586914062,-0.019895496347845376
2025-08-04,561.3961791992188,0.018283495913388913
2025-08-05,557.5845336914062,-0.006812736281335481
2025-08-06,564.6007690429688,0.012504756141420626
2025-08-07,566.5115356445312,0.003378565348839767
2025-08-08,571.7960815429688,0.009284983749656302
2025-08-11,570.1041870117188,-0.002963298662596314
2025-08-12,577.2697143554688,0.012490471491320392
2025-08-13,577.558349609375,0.000499875728557352
2025-08-14,577.110595703125,-0.0007755537732451258
2025-08-15,574.57275390625,-0.004407193879322038
2025-08-18,574.3438110351562,-0.000398536988864251
2025-08-19,566.5513916015625,-0.013660396838399964
2025-08-20,563.1876220703125,-0.005954967352519332
2025-08-21,560.5801391601562,-0.00464061646814757
2025-08-22,569.2284545898438,0.015309645185313372
2025-08-25,567.5863647460938,-0.0028889331100971373
2025-08-26,569.8654174804688,0.004007300915653361
2025-08-27,570.7412109375,0.0015356628785480923
2025-08-28,574.31396484375,0.006240337716357775
2025-08-29,567.666015625,-0.011642978741077992
2025-09-02,562.908935546875,-0.008415378648370053
2025-09-03,567.3375854492188,0.007836648881103974
2025-09-04,572.4728393554688,0.009010776775635707
2025-09-05,573.298828125,0.001441803696256953
2025-09-08,576.0953979492188,0.004866172596408347
2025-09-09,577.7276000976562,0.002829209055351995
2025-09-10,577.9166259765625,0.00032713507553117034
2025-09-11,581.2803955078125,0.005803636328416825
2025-09-12,583.8479614257812,0.00440736002844209
2025-09-15,588.8439331054688,0.008520570370832732
2025-09-16,588.3463745117188,-0.0008453325178767125
2025-09-17,587.172119140625,-0.0019978516169886513
2025-09-18,592.4664916992188,0.0089763221703974
2025-09-19,596.4771728515625,0.006746655009619162
2025-09-22,600.0083618164062,0.005902619154196495
2025-09-23,596.02294921875,-0.006664419755090148
2025-09-24,593.9305419921875,-0.0035167918722211994
2025-09-25,591.3699340820312,-0.004320612275500377
2025-09-26,593.801025390625,0.004102521579534001
2025-09-29,596.5509643554688,0.004620387718368893
2025-09-30,598.1849975585938,0.0027353896996207814
2025-10-01,601.0545043945312,0.004785553357108747
2025-10-02,603.5255126953125,0.00410269426977811
2025-10-03,600.9848022460938,-0.004218667429941166
2025-10-06,605.498291015625,0.007482093782821667
2025-10-07,602.3099975585938,-0.005279481674000862
2025-10-08,609.2147216796875,0.011398527442540616
2025-10-09,608.4774169921875,-0.0012109871685766676
2025-10-10,587.3545532226562,-0.035331152768813996
2025-10-13,599.8190307617188,0.020999347938596945
2025-10-14,595.8236694335938,-0.006683227687847462
2025-10-15,600.0282592773438,0.007031986266514482
2025-10-16,597.806396484375,-0.003709803069238901
2025-10-17,601.7320556640625,0.0065453061343510015
2025-10-20,609.3142700195312,0.012521921362932125
2025-10-21,609.1549682617188,-0.0002614785071551668
2025-10-22,603.286376953125,-0.00968069451499771
2025-10-23,608.35791015625,0.008371372480766082
2025-10-24,614.8541259765625,0.010621669348374734
2025-10-27,625.80419921875,0.017652495235624757
2025-10-28,630.6165161132812,0.007660396503630738
2025-10-29,633.4562377929688,0.0044929794554945035
2025-10-30,623.7716064453125,-0.015406631274913065
2025-10-31,626.7805786132812,0.00481223896234447
2025-11-03,629.779541015625,0.004773298228422383
2025-11-04,616.996337890625,-0.020506734707915645
2025-11-05,621.01171875,0.00648686398804856
2025-11-06,609.4439086914062,-0.018803036239942363
2025-11-07,607.5208740234375,-0.003160381131631128
2025-11-10,620.9617919921875,0.021883018301210838
2025-11-11,619.307861328125,-0.0026670517012567507
2025-11-12,618.8196411132812,-0.0007886429130851422
2025-11-13,606.1858520507812,-0.0206272332406192
2025-11-14,606.6441040039062,0.0007556739057180799
2025-11-17,601.4630126953125,-0.008577257763099063
2025-11-18,594.1398315429688,-0.012250343448825494
2025-11-19,597.6868286132812,0.005952220505007837
2025-11-20,583.5385131835938,-0.023956465511158626
2025-11-21,587.9224853515625,0.007484658284509737
2025-11-24,602.9575805664062,0.025251735358100397
2025-11-25,606.6740112304688,0.006144750819994581
2025-11-26,612.034423828125,0.00879693126233471
2025-11-28,616.996337890625,0.008074559524692734
2025-12-01,614.923828125,-0.0033646851120008713
2025-12-02,619.736328125,0.007795706937067122
2025-12-03,621.2507934570312,0.0024407442390468616
2025-12-04,620.6729125976562,-0.000930622224641031
2025-12-05,623.20361328125,0.00406906010802263
2025-12-08,622.008056640625,-0.001920247034095815
2025-12-09,622.7752075195312,0.0012325856205166771
2025-12-10,625.3258666992188,0.004087269506081161
2025-12-11,623.3032836914062,-0.003239688543543738
2025-12-12,611.3867797851562,-0.019303425670943515
2025-12-15,608.3179931640625,-0.005032026051910032
2025-12-16,609.5236206054688,0.0019799419261589063
2025-12-17,598.2247924804688,-0.018711111766873078
2025-12-18,606.8931884765625,0.014386218836447159
2025-12-19,614.8042602539062,0.012951131826391573
2025-12-22,617.7513427734375,0.004782077382168257
2025-12-23,620.6444702148438,0.004672387736510809
2025-12-24,622.460205078125,0.002921292455336647
2025-12-26,622.4203491210938,-6.403177704147643e-05
2025-12-29,619.4074096679688,-0.004852436811343252
2025-12-30,617.9707641601562,-0.002322080967224036
2025-12-31,612.8628540039062,-0.00829996744363593
2026-01-02,611.6756591796875,-0.0019390083421639368
2026-01-05,616.5341796875,0.007911589203378816
2026-01-06,621.951416015625,0.008748217816814775
2026-01-07,622.550048828125,0.0009620444420226397
2026-01-08,619.0083618164062,-0.005705243648816256
2026-01-09,625.173828125,0.00991095488475612
2026-01-12,625.6925659179688,0.0008294056426431345
2026-01-13,624.7647705078125,-0.0014839300044612392
2026-01-14,618.0905151367188,-0.01074030034967808
2026-01-15,620.3153076171875,0.0035929980835507996
2026-01-16,619.7965087890625,-0.0008366969035008165
2026-01-20,606.6276245117188,-0.021476078403984473
2026-01-21,614.8282470703125,0.0134278216147505
2026-01-22,619.2976684570312,0.007243087387034551
2026-01-23,621.2530517578125,0.0031524465518224464
2026-01-26,623.9866333007812,0.004390457462666553
2026-01-27,629.6432495117188,0.009024441229843394
2026-01-28,631.728271484375,0.003305963131324306
2026-01-29,627.9472045898438,-0.006003257699085808
2026-01-30,620.405029296875,-0.012083556001085238
2026-02-02,624.6650390625,0.006843030761912643
2026-02-03,615.0676879882812,-0.015483245050837946
2026-02-04,604.322998046875,-0.01762350354247914
2026-02-05,595.6235961914062,-0.014499902438034739
2026-02-06,608.2138671875,0.02091765781817934
2026-02-09,612.8728637695312,0.007630939018748233
2026-02-10,610.029541015625,-0.0046501304869109765
2026-02-11,611.6657104492188,0.002678524631827479
2026-02-12,599.22509765625,-0.020548591921097436
2026-02-13,600.5020141601562,0.0021286790529299227
2026-02-17,599.8834838867188,-0.0010305528168839861
2026-02-18,604.3629760742188,0.007439528363667514
2026-02-19,602.04833984375,-0.0038372303708548872
2026-02-20,607.3757934570312,0.008809958267303077
2026-02-23,599.9932250976562,-0.012229335447632795
2026-02-24,606.4380493164062,0.010684214945387927
2026-02-25,615.227294921875,0.014389206171659013
2026-02-26,607.8048095703125,-0.012137991233678432
2026-02-27,605.8594360351562,-0.003205788105339312
2026-03-02,606.6575317382812,0.0013164282885834244
2026-03-03,600.162841796875,-0.01076341232729561
2026-03-04,609.3112182617188,0.0151281474183335
2026-03-05,607.4755859375,-0.0030171821561889036
2026-03-06,598.337158203125,-0.015157581876073216
2026-03-09,606.3283081054688,0.013267197145365521
2026-03-10,606.3383178710938,1.6508684927659008e-05
2026-03-11,606.2584228515625,-0.00013177508558900235
2026-03-12,595.85302734375,-0.017312297280149255
2026-03-13,592.3213500976562,-0.005944729517608317
2026-03-16,598.9656982421875,0.0111550227168346
2026-03-17,601.8887939453125,0.004868369141310366
2026-03-18,593.4986572265625,-0.014037748997582209
2026-03-19,591.623046875,-0.003165264649248654
2026-03-20,580.6888427734375,-0.01865462814763994
2026-03-23,587.3545532226562,0.011413587600842143
2026-03-24,583.3389282226562,-0.006860276943048109
2026-03-25,587.1747436523438,0.006554095441751243
2026-03-26,573.1600952148438,-0.024157388913031635
2026-03-27,561.9624633789062,-0.019730019448686013
2026-03-30,557.6671752929688,-0.007672732142518884
2026-03-31,576.54638671875,0.0332934747441379
2026-04-01,583.6685791015625,0.012277521075913629
2026-04-02,584.3378295898438,0.0011459707010890616
2026-04-06,587.85400390625,0.005999333491502505
2026-04-07,587.9439086914062,0.0001529255739752784
2026-04-08,605.4246826171875,0.029298616548572833
2026-04-09,609.5202026367188,0.0067419281026438165
2026-04-10,610.3992309570312,0.0014411254517957557
